"Order ID","Line ID","Quantity","Product Code","Description","Option Name","Option Value","Unit Price","Unit Get Point","Line Sub Total","Line Get Point"
"10110644","1","1","null-honey-suger-wax","[ヒカキンさん購入！]NULL ブラジリアンワックス メンズ vio セルフ 脱毛 レディース 男性 女性 ムダ毛 処理 に( 脇 すね毛 腕 背中) 純国産 ハチミツ","","","3545","0","3545","0"
"10110643","1","1","null-remover-n","除毛クリーム メンズ VIO NULL ヌル 脱毛クリーム 剛毛 脱毛 除毛 除毛剤 ヒカキンさん購入で注文殺到中！","","","2979","0","2979","0"
"10110642","1","3","null-sunscreen","ウォータープルーフ メンズ NULL 日焼け止め (特殊技術で 汗/水 に強い)SPF50+ PA++++ (顔＆からだ用) ロングUVA対応 40g (白くならない/クレンジング不要)","","","2017","0","6051","0"
"10110641","1","1","null-sunscreen","ウォータープルーフ メンズ NULL 日焼け止め (特殊技術で 汗/水 に強い)SPF50+ PA++++ (顔＆からだ用) ロングUVA対応 40g (白くならない/クレンジング不要)","","","2017","0","2017","0"
"10110640","1","1","null-remover-n","除毛クリーム メンズ VIO NULL ヌル 脱毛クリーム 剛毛 脱毛 除毛 除毛剤 ヒカキンさん購入で注文殺到中！","","","2979","0","2979","0"
"10110639","1","1","makebalance-plane","プロテイン ソイ 大豆  プレーン 人工甘味料不使用 無添加 1kg たんぱく質含有量85％以上 FIXIT MAKE BALANCE ダイエット 女性 にも","","","3580","0","3580","0"
"10110638","1","1","null-remover-n","除毛クリーム メンズ VIO NULL ヌル 脱毛クリーム 剛毛 脱毛 除毛 除毛剤 ヒカキンさん購入で注文殺到中！","","","2979","0","2979","0"
"10110637","1","1","null-remover-n","除毛クリーム メンズ VIO NULL ヌル 脱毛クリーム 剛毛 脱毛 除毛 除毛剤 ヒカキンさん購入で注文殺到中！","","","2979","0","2979","0"
"10110636","1","1","null-sunscreen","ウォータープルーフ メンズ NULL 日焼け止め (特殊技術で 汗/水 に強い)SPF50+ PA++++ (顔＆からだ用) ロングUVA対応 40g (白くならない/クレンジング不要)","","","2017","0","2017","0"
"10110635","1","1","l0910","スマホホルダー 車 車載ホルダー iphone 13 吸盤 車載 スマホ ホルダー スタンド カーマウント スマホスタンド 車用携帯ホルダー SmartTap スマートタップ","","","2490","0","2490","0"
"10110634","1","1","DAILYBASIC","プロテイン ホエイ 女性 1kg 50代 40代 ダイエット FIXIT DAILY BASIC シェイカー","フレーバー","フルーツミックス","3480","0","3480","0"
"10110633","1","1","null-remover-n","除毛クリーム メンズ VIO NULL ヌル 脱毛クリーム 剛毛 脱毛 除毛 除毛剤 ヒカキンさん購入で注文殺到中！","","","2979","0","2979","0"
"10110632","1","1","null-bbcream","BBクリーム コンシーラー ファンデーション 男性用 メンズ 日本製 青ひげ シミ クマを隠す NULL","メール便を選択で","送料無料","1915","0","1915","0"
"10110631","1","1","null-remover-n","除毛クリーム メンズ VIO NULL ヌル 脱毛クリーム 剛毛 脱毛 除毛 除毛剤 ヒカキンさん購入で注文殺到中！","","","2979","0","2979","0"
"10110630","1","1","l0910","スマホホルダー 車 車載ホルダー iphone 13 吸盤 車載 スマホ ホルダー スタンド カーマウント スマホスタンド 車用携帯ホルダー SmartTap スマートタップ","","","2490","0","2490","0"
"10110629","1","1","null-sunscreen","ウォータープルーフ メンズ NULL 日焼け止め (特殊技術で 汗/水 に強い)SPF50+ PA++++ (顔＆からだ用) ロングUVA対応 40g (白くならない/クレンジング不要)","","","2017","0","2017","0"
"10110628","1","1","l0910","スマホホルダー 車 車載ホルダー iphone 13 吸盤 車載 スマホ ホルダー スタンド カーマウント スマホスタンド 車用携帯ホルダー SmartTap スマートタップ","","","2490","0","2490","0"
"10110627","1","1","null-remover-n","除毛クリーム メンズ VIO NULL ヌル 脱毛クリーム 剛毛 脱毛 除毛 除毛剤 ヒカキンさん購入で注文殺到中！","","","2979","0","2979","0"
"10110626","1","1","l0910","スマホホルダー 車 車載ホルダー iphone 13 吸盤 車載 スマホ ホルダー スタンド カーマウント スマホスタンド 車用携帯ホルダー SmartTap スマートタップ","","","2490","0","2490","0"
"10110625","1","1","shaker-300-green-aw","【追加用】プロテイン シェイカー 300ml グリーン 【単品購入不可】FIXITプロテイン対象商品と同時購入の場合のみ、購入可能な商品です。","","","500","0","500","0"
"10110625","2","1","makebalance-plane","プロテイン ソイ 大豆  プレーン 人工甘味料不使用 無添加 1kg たんぱく質含有量85％以上 FIXIT MAKE BALANCE ダイエット 女性 にも","","","3580","0","3580","0"
"10110624","1","1","AC30","ポータブル電源 リン酸鉄リチウムバッテリー  車中泊 大容量 正弦波 蓄電池 ポータブル 電源 ポータブルバッテリー 停電 防災 PowerArQ mini 2 300Wh","カラー","レッド","44000","0","44000","0"
"10110623","1","1","think-simple-wpc","プロテイン ホエイ 女性 WPC ダイエット シェイカー 無添加 50代 安い まとめ買い 美容   FIX IT THINK SIMPLE 1kg","","","3080","0","3080","0"
"10110622","1","3","think-simple-wpc","プロテイン ホエイ 女性 WPC ダイエット シェイカー 無添加 50代 安い まとめ買い 美容   FIX IT THINK SIMPLE 1kg","","","3080","0","9240","0"
"10110621","1","1","l0910","スマホホルダー 車 車載ホルダー iphone 13 吸盤 車載 スマホ ホルダー スタンド カーマウント スマホスタンド 車用携帯ホルダー SmartTap スマートタップ","","","2490","0","2490","0"
"10110620","1","1","l0910","スマホホルダー 車 車載ホルダー iphone 13 吸盤 車載 スマホ ホルダー スタンド カーマウント スマホスタンド 車用携帯ホルダー SmartTap スマートタップ","","","2490","0","2490","0"
"10110618","1","1","null-remover-n","除毛クリーム メンズ VIO NULL ヌル 脱毛クリーム 剛毛 脱毛 除毛 除毛剤 ヒカキンさん購入で注文殺到中！","","","2979","0","2979","0"
"10110617","1","1","null-sunscreen","ウォータープルーフ メンズ NULL 日焼け止め (特殊技術で 汗/水 に強い)SPF50+ PA++++ (顔＆からだ用) ロングUVA対応 40g (白くならない/クレンジング不要)","","","2017","0","2017","0"
"10110616","1","1","null-bbcream","BBクリーム コンシーラー ファンデーション 男性用 メンズ 日本製 青ひげ シミ クマを隠す NULL","メール便を選択で","送料無料","1915","0","1915","0"
"10110615","1","1","makebalance-plane","プロテイン ソイ 大豆  プレーン 人工甘味料不使用 無添加 1kg たんぱく質含有量85％以上 FIXIT MAKE BALANCE ダイエット 女性 にも","","","3580","0","3580","0"
"10110614","1","1","null-remover-n","除毛クリーム メンズ VIO NULL ヌル 脱毛クリーム 剛毛 脱毛 除毛 除毛剤 ヒカキンさん購入で注文殺到中！","","","2979","0","2979","0"
"10110613","1","1","null-bbcream","BBクリーム コンシーラー ファンデーション 男性用 メンズ 日本製 青ひげ シミ クマを隠す NULL","メール便を選択で","送料無料","1915","0","1915","0"
"10110612","1","1","think-simple-wpi","プロテイン ホエイプロテイン WPI 1kg 無香料 無着色 たんぱく質含有90%以上 FIXIT THINK SIMPLE ダイエット","","","3780","0","3780","0"
"10110611","1","1","l0851","FMトランスミッター Bluetooth 高音質 全239CH 76.1-99.9MHz 12-24V対応 車 スマホ 充電 Smart Tap","","","3480","0","3480","0"
"10110608","1","1","l0910","スマホホルダー 車 車載ホルダー iphone 13 吸盤 車載 スマホ ホルダー スタンド カーマウント スマホスタンド 車用携帯ホルダー SmartTap スマートタップ","","","2240","0","2240","0"
"10110607","1","1","l0910","スマホホルダー 車 車載ホルダー iphone 13 吸盤 車載 スマホ ホルダー スタンド カーマウント スマホスタンド 車用携帯ホルダー SmartTap スマートタップ","","","2240","0","2240","0"
"10110606","1","1","null-bbcream","BBクリーム コンシーラー ファンデーション 男性用 メンズ 日本製 青ひげ シミ クマを隠す NULL","メール便を選択で","送料無料","1915","0","1915","0"
"10110605","1","1","think-simple-wpc","プロテイン ホエイ 女性 WPC ダイエット シェイカー 無添加 50代 安い まとめ買い 美容   FIX IT THINK SIMPLE 1kg","","","3080","0","3080","0"
"10110603","1","1","null-honey-suger-wax","[ヒカキンさん購入！]NULL ブラジリアンワックス メンズ vio セルフ 脱毛 レディース 男性 女性 ムダ毛 処理 に( 脇 すね毛 腕 背中) 純国産 ハチミツ","","","3545","0","3545","0"
"10110602","1","1","IS-WPCS","防水ケース iPhone7 iPhone7 Plus iPhone6S / 6 防水 防塵 耐衝撃 防水ケース iPhone IP68 iina-style","機種;カラー","iPhone7;ローズゴールド","990","0","990","0"
"10110601","1","1","l0914","スマホホルダー 車 車載ホルダー iphone13 吸盤 車載 スマホ ホルダー スタンド カーマウント スマホスタンド 車用携帯ホルダー SmartTap スマートタップ","","","2680","0","2680","0"
"10110600","1","1","l0910","スマホホルダー 車 車載ホルダー iphone 13 吸盤 車載 スマホ ホルダー スタンド カーマウント スマホスタンド 車用携帯ホルダー SmartTap スマートタップ","","","2240","0","2240","0"
"10110599","1","1","null-sunscreen","ウォータープルーフ メンズ NULL 日焼け止め (特殊技術で 汗/水 に強い)SPF50+ PA++++ (顔＆からだ用) ロングUVA対応 40g (白くならない/クレンジング不要)","","","2017","0","2017","0"
"10110598","1","1","makebalance","プロテイン ソイ 大豆 1kg たんぱく質含有量80％以上 FIXIT MAKE BALANCE  ダイエット 女性 にも","フレーバー","抹茶","3880","0","3880","0"
"10110597","1","1","l0910","スマホホルダー 車 車載ホルダー iphone 13 吸盤 車載 スマホ ホルダー スタンド カーマウント スマホスタンド 車用携帯ホルダー SmartTap スマートタップ","","","2240","0","2240","0"
"10110596","1","1","l0910","スマホホルダー 車 車載ホルダー iphone 13 吸盤 車載 スマホ ホルダー スタンド カーマウント スマホスタンド 車用携帯ホルダー SmartTap スマートタップ","","","2240","0","2240","0"
"10110595","1","1","l0841","GearBox for PowerArQ3 ショルダ ー付き ポータブル電源 収納バッ グ 保護ケース 耐衝撃 収納 バッグ ケース","","","6240","0","6240","0"
"10110594","1","1","l0910","スマホホルダー 車 車載ホルダー iphone 13 吸盤 車載 スマホ ホルダー スタンド カーマウント スマホスタンド 車用携帯ホルダー SmartTap スマートタップ","","","2240","0","2240","0"
"10110593","1","1","l0910","スマホホルダー 車 車載ホルダー iphone 13 吸盤 車載 スマホ ホルダー スタンド カーマウント スマホスタンド 車用携帯ホルダー SmartTap スマートタップ","","","2240","0","2240","0"
"10110592","1","1","l0910","スマホホルダー 車 車載ホルダー iphone 13 吸盤 車載 スマホ ホルダー スタンド カーマウント スマホスタンド 車用携帯ホルダー SmartTap スマートタップ","","","2240","0","2240","0"
"10110591","1","3","null-honey-suger-wax","[ヒカキンさん購入！]NULL ブラジリアンワックス メンズ vio セルフ 脱毛 レディース 男性 女性 ムダ毛 処理 に( 脇 すね毛 腕 背中) 純国産 ハチミツ","","","3545","0","10635","0"
"10110590","1","1","AC50","ポータブル電源 車中泊 大容量 正弦波 蓄電池 ポータブル 電源 家庭用 キャンプ リチウム ポータブルバッテリー 停電 防災 PowerArQ 2 500Wh","カラー","コヨーテタン","44850","0","44850","0"
"10110589","1","1","l0914","スマホホルダー 車 車載ホルダー iphone13 吸盤 車載 スマホ ホルダー スタンド カーマウント スマホスタンド 車用携帯ホルダー SmartTap スマートタップ","","","2680","0","2680","0"
"10110588","1","2","null-bodywash-re","お得な詰め替え用 薬用 ボディーソープ メンズ  NULL ( 背中ニキビ を 防ぎ 体臭 加齢臭を抑える ) デオドラント 男性用 詰替 簡単便利なキャップ式","","","2420","0","4840","0"
"10110587","1","1","l0910","スマホホルダー 車 車載ホルダー iphone 13 吸盤 車載 スマホ ホルダー スタンド カーマウント スマホスタンド 車用携帯ホルダー SmartTap スマートタップ","","","2240","0","2240","0"
"10110586","1","1","null-sunscreen","ウォータープルーフ メンズ NULL 日焼け止め (特殊技術で 汗/水 に強い)SPF50+ PA++++ (顔＆からだ用) ロングUVA対応 40g (白くならない/クレンジング不要)","","","2017","0","2017","0"
"10110585","1","1","l0910","スマホホルダー 車 車載ホルダー iphone 13 吸盤 車載 スマホ ホルダー スタンド カーマウント スマホスタンド 車用携帯ホルダー SmartTap スマートタップ","","","2240","0","2240","0"
"10110584","1","1","FELLNATURAL","プロテイン ホエイ 女性 無添加 50代 40代 グラスフェッド ダイエット 安い まとめ買い 自然 美容 シェイカー FIX IT feel natural 1kg","フレーバー","抹茶","4780","0","4780","0"
"10110584","2","1","FELLNATURAL","プロテイン ホエイ 女性 無添加 50代 40代 グラスフェッド ダイエット 安い まとめ買い 自然 美容 シェイカー FIX IT feel natural 1kg","フレーバー","ココア","4780","0","4780","0"
"10110583","1","1","l0910","スマホホルダー 車 車載ホルダー iphone 13 吸盤 車載 スマホ ホルダー スタンド カーマウント スマホスタンド 車用携帯ホルダー SmartTap スマートタップ","","","2240","0","2240","0"
"10110582","1","1","l0914","スマホホルダー 車 車載ホルダー iphone13 吸盤 車載 スマホ ホルダー スタンド カーマウント スマホスタンド 車用携帯ホルダー SmartTap スマートタップ","","","2680","0","2680","0"
"10110582","2","1","l0910","スマホホルダー 車 車載ホルダー iphone 13 吸盤 車載 スマホ ホルダー スタンド カーマウント スマホスタンド 車用携帯ホルダー SmartTap スマートタップ","","","2240","0","2240","0"
"10110581","1","1","null-honey-suger-wax","[ヒカキンさん購入！]NULL ブラジリアンワックス メンズ vio セルフ 脱毛 レディース 男性 女性 ムダ毛 処理 に( 脇 すね毛 腕 背中) 純国産 ハチミツ","","","3545","0","3545","0"
"10110580","1","1","think-simple-wpc","プロテイン ホエイ 女性 WPC ダイエット シェイカー 無添加 50代 安い まとめ買い 美容   FIX IT THINK SIMPLE 1kg","","","3080","0","3080","0"
"10110579","1","3","nalc-sunscreen","日焼け止め メンズ レディース NALC ナルク ウォータープルーフ SPF50+ PA++++ 顔 ＆ 全身 用 ひやけどめ ノビが良い 化粧下地にも スポーツ 海","","","2729","0","8187","0"
"10110578","1","1","l0914","スマホホルダー 車 車載ホルダー iphone13 吸盤 車載 スマホ ホルダー スタンド カーマウント スマホスタンド 車用携帯ホルダー SmartTap スマートタップ","","","2680","0","2680","0"
"10110577","1","1","think-simple-wpc","プロテイン ホエイ 女性 WPC ダイエット シェイカー 無添加 50代 安い まとめ買い 美容   FIX IT THINK SIMPLE 1kg","","","3080","0","3080","0"
"10110576","1","1","makebalance-plane","プロテイン ソイ 大豆  プレーン 人工甘味料不使用 無添加 1kg たんぱく質含有量85％以上 FIXIT MAKE BALANCE ダイエット 女性 にも","","","3580","0","3580","0"
"10110574","1","1","null-remover-n","除毛クリーム メンズ VIO NULL ヌル 脱毛クリーム 剛毛 脱毛 除毛 除毛剤 ヒカキンさん購入で注文殺到中！","","","2979","0","2979","0"
"10110573","1","1","l0910","スマホホルダー 車 車載ホルダー iphone 13 吸盤 車載 スマホ ホルダー スタンド カーマウント スマホスタンド 車用携帯ホルダー SmartTap スマートタップ","","","2240","0","2240","0"
"10110572","1","1","l0910","スマホホルダー 車 車載ホルダー iphone 13 吸盤 車載 スマホ ホルダー スタンド カーマウント スマホスタンド 車用携帯ホルダー SmartTap スマートタップ","","","2240","0","2240","0"
"10110571","1","1","null-remover-n","除毛クリーム メンズ VIO NULL ヌル 脱毛クリーム 剛毛 脱毛 除毛 除毛剤 ヒカキンさん購入で注文殺到中！","","","2979","0","2979","0"
"10110570","1","1","makebalance-plane","プロテイン ソイ 大豆  プレーン 人工甘味料不使用 無添加 1kg たんぱく質含有量85％以上 FIXIT MAKE BALANCE ダイエット 女性 にも","","","3580","0","3580","0"
"10110569","1","1","DD-MHP-M3","加熱剤 加熱袋 水 モーリアンヒートパック Mサイズ 3回分 協同 防災","メール便は送料無料です。;他商品と同時購入の場合、メール便で発送いたします。;同時購入品があすつく対応商品の場合、非対応になります。;※使用期限：","了承しました。;了承しました。;了承しました。;2025年1月","790","0","790","0"
"10110568","1","1","DAILYBASIC","プロテイン ホエイ 女性 1kg 50代 40代 ダイエット FIXIT DAILY BASIC シェイカー","フレーバー","コーヒー","3480","0","3480","0"
"10110567","1","1","makebalance-plane","プロテイン ソイ 大豆  プレーン 人工甘味料不使用 無添加 1kg たんぱく質含有量85％以上 FIXIT MAKE BALANCE ダイエット 女性 にも","","","3580","0","3580","0"
"10110566","1","1","l0910","スマホホルダー 車 車載ホルダー iphone 13 吸盤 車載 スマホ ホルダー スタンド カーマウント スマホスタンド 車用携帯ホルダー SmartTap スマートタップ","","","2240","0","2240","0"
"10110565","1","1","HTE060","ポータブル電源 大容量 車中泊 正弦波 蓄電池 ポータブル 電源 家庭用 キャンプ ポータブルバッテリー 蓄電池 防災 停電 PowerArQ Pro 1000Wh","カラー","コヨーテタン","99000","0","99000","0"
"10110564","1","1","think-simple-wpc","プロテイン ホエイ 女性 WPC ダイエット シェイカー 無添加 50代 安い まとめ買い 美容   FIX IT THINK SIMPLE 1kg","","","3080","0","3080","0"
"10110563","1","1","DAILYBASIC","プロテイン ホエイ 女性 1kg 50代 40代 ダイエット FIXIT DAILY BASIC シェイカー","フレーバー","コーヒー","3480","0","3480","0"
"10110562","1","1","l0914","スマホホルダー 車 車載ホルダー iphone13 吸盤 車載 スマホ ホルダー スタンド カーマウント スマホスタンド 車用携帯ホルダー SmartTap スマートタップ","","","2680","0","2680","0"
"10110561","1","1","makebalance-plane","プロテイン ソイ 大豆  プレーン 人工甘味料不使用 無添加 1kg たんぱく質含有量85％以上 FIXIT MAKE BALANCE ダイエット 女性 にも","","","3580","0","3580","0"
"10110560","1","1","l0914","スマホホルダー 車 車載ホルダー iphone13 吸盤 車載 スマホ ホルダー スタンド カーマウント スマホスタンド 車用携帯ホルダー SmartTap スマートタップ","","","2680","0","2680","0"
"10110559","1","1","PA50","ポータブル電源 大容量 車中泊 正弦波 蓄電池 ポータブル 電源 家庭用 キャンプ ポータブルバッテリー 停電 防災 PowerArQ 3 555Wh","カラー","コヨーテタン","59850","0","59850","0"
"10110558","1","1","makebalance","プロテイン ソイ 大豆 1kg たんぱく質含有量80％以上 FIXIT MAKE BALANCE  ダイエット 女性 にも","フレーバー","抹茶","3880","0","3880","0"
"10110557","1","1","makebalance","プロテイン ソイ 大豆 1kg たんぱく質含有量80％以上 FIXIT MAKE BALANCE  ダイエット 女性 にも","フレーバー","ココア","3880","0","3880","0"
"10110556","1","1","shaker-300-green-aw","【追加用】プロテイン シェイカー 300ml グリーン 【単品購入不可】FIXITプロテイン対象商品と同時購入の場合のみ、購入可能な商品です。","","","500","0","500","0"
"10110556","2","1","DAILYBASIC","プロテイン ホエイ 女性 1kg 50代 40代 ダイエット FIXIT DAILY BASIC シェイカー","フレーバー","バナナ","3480","0","3480","0"
"10110555","1","1","DD-EFK-7D","【期間限定10%off】 非常食セット 7日分 非常食 長期保存 備蓄 保存食 栄養士と防災士監修 備蓄 防災セット 食品 防災 防災グッズ Defend 父の日","賞味期限：;※複数ご購入の場合は別々に到着する事があります。","2027年3月以降;了承しました。","17820","0","17820","0"
"10110554","1","1","null-perfume-cream","練り香水 メンズ 男性 香水 NULL パフュームクリーム","","","3036","0","3036","0"
"10110553","1","1","l0910","スマホホルダー 車 車載ホルダー iphone 13 吸盤 車載 スマホ ホルダー スタンド カーマウント スマホスタンド 車用携帯ホルダー SmartTap スマートタップ","","","2240","0","2240","0"
"10110552","1","1","null-wrinklecream","アイクリーム メンズ シワ改善 × 美白【メンズ用日本初】薬用 美容液 NULL ヌル リンクルクリーム シワ改善 たるみ くま シミ そばかす を防ぐ","メール便を選択で","送料無料","3960","0","3960","0"
"10110551","1","1","l0910","スマホホルダー 車 車載ホルダー iphone 13 吸盤 車載 スマホ ホルダー スタンド カーマウント スマホスタンド 車用携帯ホルダー SmartTap スマートタップ","","","2240","0","2240","0"
"10110550","1","1","makebalance","プロテイン ソイ 大豆 1kg たんぱく質含有量80％以上 FIXIT MAKE BALANCE  ダイエット 女性 にも","フレーバー","抹茶","3880","0","3880","0"
"10110549","1","1","null-remover-n","除毛クリーム メンズ VIO NULL ヌル 脱毛クリーム 剛毛 脱毛 除毛 除毛剤 ヒカキンさん購入で注文殺到中！","","","2979","0","2979","0"
"10110548","1","1","AC50","ポータブル電源 車中泊 大容量 正弦波 蓄電池 ポータブル 電源 家庭用 キャンプ リチウム ポータブルバッテリー 停電 防災 PowerArQ 2 500Wh","カラー","チャコール","44850","0","44850","0"
"10110547","1","2","l0910","スマホホルダー 車 車載ホルダー iphone 13 吸盤 車載 スマホ ホルダー スタンド カーマウント スマホスタンド 車用携帯ホルダー SmartTap スマートタップ","","","2240","0","4480","0"
"10110546","1","1","l0910","スマホホルダー 車 車載ホルダー iphone 13 吸盤 車載 スマホ ホルダー スタンド カーマウント スマホスタンド 車用携帯ホルダー SmartTap スマートタップ","","","2240","0","2240","0"
"10110545","1","1","null-remover-n","除毛クリーム メンズ VIO NULL ヌル 脱毛クリーム 剛毛 脱毛 除毛 除毛剤 ヒカキンさん購入で注文殺到中！","","","2979","0","2979","0"
"10110544","1","1","l0910","スマホホルダー 車 車載ホルダー iphone 13 吸盤 車載 スマホ ホルダー スタンド カーマウント スマホスタンド 車用携帯ホルダー SmartTap スマートタップ","","","2240","0","2240","0"
"10110543","1","1","l0910","スマホホルダー 車 車載ホルダー iphone 13 吸盤 車載 スマホ ホルダー スタンド カーマウント スマホスタンド 車用携帯ホルダー SmartTap スマートタップ","","","2240","0","2240","0"
"10110542","1","1","l0910","スマホホルダー 車 車載ホルダー iphone 13 吸盤 車載 スマホ ホルダー スタンド カーマウント スマホスタンド 車用携帯ホルダー SmartTap スマートタップ","","","2240","0","2240","0"
"10110541","1","1","l0910","スマホホルダー 車 車載ホルダー iphone 13 吸盤 車載 スマホ ホルダー スタンド カーマウント スマホスタンド 車用携帯ホルダー SmartTap スマートタップ","","","2240","0","2240","0"
"10110539","1","1","l0910","スマホホルダー 車 車載ホルダー iphone 13 吸盤 車載 スマホ ホルダー スタンド カーマウント スマホスタンド 車用携帯ホルダー SmartTap スマートタップ","","","2240","0","2240","0"
"10110538","1","1","l0910","スマホホルダー 車 車載ホルダー iphone 13 吸盤 車載 スマホ ホルダー スタンド カーマウント スマホスタンド 車用携帯ホルダー SmartTap スマートタップ","","","2240","0","2240","0"
"10110537","1","1","l0910","スマホホルダー 車 車載ホルダー iphone 13 吸盤 車載 スマホ ホルダー スタンド カーマウント スマホスタンド 車用携帯ホルダー SmartTap スマートタップ","","","2240","0","2240","0"
"10110536","1","1","HTE060","ポータブル電源 大容量 車中泊 正弦波 蓄電池 ポータブル 電源 家庭用 キャンプ ポータブルバッテリー 蓄電池 防災 停電 PowerArQ Pro 1000Wh","カラー","コヨーテタン","99000","0","99000","0"
"10110535","1","1","null-sunscreen","ウォータープルーフ メンズ NULL 日焼け止め (特殊技術で 汗/水 に強い)SPF50+ PA++++ (顔＆からだ用) ロングUVA対応 40g (白くならない/クレンジング不要)","","","2017","0","2017","0"
"10110534","1","1","null-acne-facewash","アクネブロック フェイスウォッシュ メンズ NULL (ニキビ を防ぐ かみそり負け/肌荒れ を防ぐ) 保湿成分*配合 洗顔クリーム 120g (無添加*)","","","2017","0","2017","0"
"10110533","1","1","HTE060","ポータブル電源 大容量 車中泊 正弦波 蓄電池 ポータブル 電源 家庭用 キャンプ ポータブルバッテリー 蓄電池 防災 停電 PowerArQ Pro 1000Wh","カラー","コヨーテタン","99000","0","99000","0"
"10110532","1","1","null-sunscreen","ウォータープルーフ メンズ NULL 日焼け止め (特殊技術で 汗/水 に強い)SPF50+ PA++++ (顔＆からだ用) ロングUVA対応 40g (白くならない/クレンジング不要)","","","2017","0","2017","0"
"10110531","1","1","AC30","ポータブル電源 リン酸鉄リチウムバッテリー  車中泊 大容量 正弦波 蓄電池 ポータブル 電源 ポータブルバッテリー 停電 防災 PowerArQ mini 2 300Wh","カラー","コヨーテタン","36300","0","36300","0"
"10110530","1","1","bousai-set2p-b","防災セット 2人用 防災グッズ 防災 防災用品 防災グッズセット リュック 非常用持ち出し 厳選71点 5年保証 Defend Future Relief 2人用","種類;賞味期限;※使用期限(ボディタオルなど);※商品パッケージはページと異なる場合があります。;※複数ご購入の場合は別々に到着する事があります。","DD-EK02RLF2;2027年3月以降;4年以上;了承しました。;了承しました。","19800","0","19800","0"
"10110529","1","1","l0822","ソーラーパネル ソーラー 太陽光 折りたたみ 折り畳み ソーラーパネル充電器 折り畳み ソーラー充電器 ソーラー充電 蓄電池 PowerArQ Solar 120W","サイズ;ソーラーパネル単品販売ページです。","折りたたみ　-　MC4;了承済み","22350","0","22350","0"
"10110527","1","1","l0910","スマホホルダー 車 車載ホルダー iphone 13 吸盤 車載 スマホ ホルダー スタンド カーマウント スマホスタンド 車用携帯ホルダー SmartTap スマートタップ","","","2240","0","2240","0"
"10110526","1","1","l0822","ソーラーパネル ソーラー 太陽光 折りたたみ 折り畳み ソーラーパネル充電器 折り畳み ソーラー充電器 ソーラー充電 蓄電池 PowerArQ Solar 120W","サイズ;ソーラーパネル単品販売ページです。","折りたたみ　-　MC4;了承済み","22350","0","22350","0"
"10110525","1","1","shaker-300-black-aw","【追加用】プロテイン シェイカー 300ml ブラック 【単品購入不可】FIXITプロテイン対象商品と同時購入の場合のみ、購入可能な商品です。","","","500","0","500","0"
"10110525","2","1","makebalance-plane","プロテイン ソイ 大豆  プレーン 人工甘味料不使用 無添加 1kg たんぱく質含有量85％以上 FIXIT MAKE BALANCE ダイエット 女性 にも","","","3580","0","3580","0"
"10110524","1","1","DD-EK01RLF","防災セット 1人用 防災グッズ 防災 防災グッズセット 厳選39点 5年保証 父の日","種類;賞味期限;※使用期限(ボディタオルなど);※商品パッケージはページと異なる場合があります。;※複数ご購入の場合は別々に到着する事があります。","DD-EK01RLF2;2027年3月以降;4年以上;了承しました。;了承しました。","13800","0","13800","0"
"10110523","1","1","null-bodywash-re","お得な詰め替え用 薬用 ボディーソープ メンズ  NULL ( 背中ニキビ を 防ぎ 体臭 加齢臭を抑える ) デオドラント 男性用 詰替 簡単便利なキャップ式","","","2420","0","2420","0"
"10110522","1","1","makebalance","プロテイン ソイ 大豆 1kg たんぱく質含有量80％以上 FIXIT MAKE BALANCE  ダイエット 女性 にも","フレーバー","ココア","3880","0","3880","0"
"10110521","1","3","null-sunscreen","ウォータープルーフ メンズ NULL 日焼け止め (特殊技術で 汗/水 に強い)SPF50+ PA++++ (顔＆からだ用) ロングUVA対応 40g (白くならない/クレンジング不要)","","","2017","0","6051","0"
"10110520","1","1","HTE060","ポータブル電源 大容量 車中泊 正弦波 蓄電池 ポータブル 電源 家庭用 キャンプ ポータブルバッテリー 蓄電池 防災 停電 PowerArQ Pro 1000Wh","カラー","オリーブドラブ","99000","0","99000","0"
"10110519","1","1","allinonegel","美容液 メンズ 化粧水 オールインワン ジェル 男性用 NULL","","","3259","0","3259","0"
"10110518","1","1","DD-EFK-7D","【期間限定10%off】 非常食セット 7日分 非常食 長期保存 備蓄 保存食 栄養士と防災士監修 備蓄 防災セット 食品 防災 防災グッズ Defend 父の日","賞味期限：;※複数ご購入の場合は別々に到着する事があります。","2027年3月以降;了承しました。","17820","0","17820","0"
"10110517","1","1","l0910","スマホホルダー 車 車載ホルダー iphone 13 吸盤 車載 スマホ ホルダー スタンド カーマウント スマホスタンド 車用携帯ホルダー SmartTap スマートタップ","","","2240","0","2240","0"
"10110516","1","1","null-deodrant3","デオドラント ゲル メンズ 薬用 (わきが 加齢臭 足の臭い 対策) 消臭 NULL","","","2017","0","2017","0"
"10110515","1","1","FELLNATURAL","プロテイン ホエイ 女性 無添加 50代 40代 グラスフェッド ダイエット 安い まとめ買い 自然 美容 シェイカー FIX IT feel natural 1kg","フレーバー","ココア","4780","0","4780","0"
"10110514","1","1","l0910","スマホホルダー 車 車載ホルダー iphone 13 吸盤 車載 スマホ ホルダー スタンド カーマウント スマホスタンド 車用携帯ホルダー SmartTap スマートタップ","","","2240","0","2240","0"
"10110513","1","1","HTE032","ポータブル電源 車中泊 大容量 正弦波 蓄電池 ポータブル 電源 家庭用 太陽光 キャンプ 電気毛布 ポータブルバッテリー 家庭用蓄電池 PowerArQ mini 346Wh","カラー","コヨーテタン","27280","0","27280","0"
"10110512","1","1","l0910","スマホホルダー 車 車載ホルダー iphone 13 吸盤 車載 スマホ ホルダー スタンド カーマウント スマホスタンド 車用携帯ホルダー SmartTap スマートタップ","","","2240","0","2240","0"
"10110511","1","1","fafra-og-bodycream","【コスモスオーガニック認証】fafra オーガニック ボディクリーム フェイスクリーム 無添加 高保湿 天然由来成分 100% シアバター 日本製 いい香り ファフラ","","","2970","0","2970","0"
"10110510","1","1","l0910","スマホホルダー 車 車載ホルダー iphone 13 吸盤 車載 スマホ ホルダー スタンド カーマウント スマホスタンド 車用携帯ホルダー SmartTap スマートタップ","","","2240","0","2240","0"
"10110509","1","1","null-sunscreen","ウォータープルーフ メンズ NULL 日焼け止め (特殊技術で 汗/水 に強い)SPF50+ PA++++ (顔＆からだ用) ロングUVA対応 40g (白くならない/クレンジング不要)","","","2017","0","2017","0"
"10110508","1","1","null-remover-n","除毛クリーム メンズ VIO NULL ヌル 脱毛クリーム 剛毛 脱毛 除毛 除毛剤 ヒカキンさん購入で注文殺到中！","","","2979","0","2979","0"
"10110507","1","1","l0910","スマホホルダー 車 車載ホルダー iphone 13 吸盤 車載 スマホ ホルダー スタンド カーマウント スマホスタンド 車用携帯ホルダー SmartTap スマートタップ","","","2240","0","2240","0"
"10110506","1","1","FELLNATURAL","プロテイン ホエイ 女性 無添加 50代 40代 グラスフェッド ダイエット 安い まとめ買い 自然 美容 シェイカー FIX IT feel natural 1kg","フレーバー","ココア","4780","0","4780","0"
"10110505","1","1","HTE032","ポータブル電源 車中泊 大容量 正弦波 蓄電池 ポータブル 電源 家庭用 太陽光 キャンプ 電気毛布 ポータブルバッテリー 家庭用蓄電池 PowerArQ mini 346Wh","カラー","コヨーテタン","27280","0","27280","0"
"10110504","1","1","l0910","スマホホルダー 車 車載ホルダー iphone 13 吸盤 車載 スマホ ホルダー スタンド カーマウント スマホスタンド 車用携帯ホルダー SmartTap スマートタップ","","","2240","0","2240","0"
"10110503","1","1","think-simple-wpc","プロテイン ホエイ 女性 WPC ダイエット シェイカー 無添加 50代 安い まとめ買い 美容   FIX IT THINK SIMPLE 1kg","","","3080","0","3080","0"
"10110502","1","1","makebalance","プロテイン ソイ 大豆 1kg たんぱく質含有量80％以上 FIXIT MAKE BALANCE  ダイエット 女性 にも","フレーバー","抹茶","3880","0","3880","0"
"10110501","1","1","allinonegel","美容液 メンズ 化粧水 オールインワン ジェル 男性用 NULL","","","3259","0","3259","0"
"10110500","1","1","makebalance-plane","プロテイン ソイ 大豆  プレーン 人工甘味料不使用 無添加 1kg たんぱく質含有量85％以上 FIXIT MAKE BALANCE ダイエット 女性 にも","","","3580","0","3580","0"
"10110499","1","1","fixit-shaker-mb-aw","【追加用】プロテイン シェイカー 300ml シェーカー 【単品購入不可】FIXITソイプロテイン対象商品と同時購入の場合のみ、購入可能な商品です。","","","550","0","550","0"
"10110499","2","1","think-simple-wpc","プロテイン ホエイ 女性 WPC ダイエット シェイカー 無添加 50代 安い まとめ買い 美容   FIX IT THINK SIMPLE 1kg","","","3080","0","3080","0"
"10110498","1","1","makebalance-plane","プロテイン ソイ 大豆  プレーン 人工甘味料不使用 無添加 1kg たんぱく質含有量85％以上 FIXIT MAKE BALANCE ダイエット 女性 にも","","","3580","0","3580","0"
"10110497","1","1","l0910","スマホホルダー 車 車載ホルダー iphone 13 吸盤 車載 スマホ ホルダー スタンド カーマウント スマホスタンド 車用携帯ホルダー SmartTap スマートタップ","","","2240","0","2240","0"
"10110496","1","1","DD-EFK-7D","【期間限定10%off】 非常食セット 7日分 非常食 長期保存 備蓄 保存食 栄養士と防災士監修 備蓄 防災セット 食品 防災 防災グッズ Defend 父の日","賞味期限：;※複数ご購入の場合は別々に到着する事があります。","2027年3月以降;了承しました。","17820","0","17820","0"
"10110495","1","1","l0910","スマホホルダー 車 車載ホルダー iphone 13 吸盤 車載 スマホ ホルダー スタンド カーマウント スマホスタンド 車用携帯ホルダー SmartTap スマートタップ","","","2240","0","2240","0"
"10110493","1","1","think-simple-wpc","プロテイン ホエイ 女性 WPC ダイエット シェイカー 無添加 50代 安い まとめ買い 美容   FIX IT THINK SIMPLE 1kg","","","3080","0","3080","0"
"10110492","1","1","AQ22L","ICEBERG 車載冷蔵庫 22L ポータブル冷蔵庫 冷温庫 車中泊 車載 ポータブル ペルチェ式 保冷庫 保冷 保温 キャンプ 防災 AC DC 電源式","カラー","レッド","19800","0","19800","0"
"10110491","1","1","makebalance","プロテイン ソイ 大豆 1kg たんぱく質含有量80％以上 FIXIT MAKE BALANCE  ダイエット 女性 にも","フレーバー","抹茶","3880","0","3880","0"
"10110490","1","2","shaker-300-green-aw","【追加用】プロテイン シェイカー 300ml グリーン 【単品購入不可】FIXITプロテイン対象商品と同時購入の場合のみ、購入可能な商品です。","","","500","0","1000","0"
"10110490","2","1","makebalance-plane","プロテイン ソイ 大豆  プレーン 人工甘味料不使用 無添加 1kg たんぱく質含有量85％以上 FIXIT MAKE BALANCE ダイエット 女性 にも","","","3580","0","3580","0"
"10110489","1","1","l0910","スマホホルダー 車 車載ホルダー iphone 13 吸盤 車載 スマホ ホルダー スタンド カーマウント スマホスタンド 車用携帯ホルダー SmartTap スマートタップ","","","2240","0","2240","0"
"10110488","1","1","null-bodywash","薬用 ボディーソープ メンズ  NULL ( 背中ニキビ を 防ぎ 体臭 加齢臭を抑える ) デオドラント 男性用 ボディソープ マリンシトラスの香り","","","3036","0","3036","0"
"10110487","1","1","l0910","スマホホルダー 車 車載ホルダー iphone 13 吸盤 車載 スマホ ホルダー スタンド カーマウント スマホスタンド 車用携帯ホルダー SmartTap スマートタップ","","","2240","0","2240","0"
"10110486","1","1","l0822","ソーラーパネル ソーラー 太陽光 折りたたみ 折り畳み ソーラーパネル充電器 折り畳み ソーラー充電器 ソーラー充電 蓄電池 PowerArQ Solar 120W","サイズ;ソーラーパネル単品販売ページです。","折りたたみ　-　MC4;了承済み","22350","0","22350","0"
"10110485","1","1","AC30","ポータブル電源 リン酸鉄リチウムバッテリー  車中泊 大容量 正弦波 蓄電池 ポータブル 電源 ポータブルバッテリー 停電 防災 PowerArQ mini 2 300Wh","カラー","コヨーテタン","36300","0","36300","0"
"10110484","1","1","l0910","スマホホルダー 車 車載ホルダー iphone 13 吸盤 車載 スマホ ホルダー スタンド カーマウント スマホスタンド 車用携帯ホルダー SmartTap スマートタップ","","","2240","0","2240","0"
"10110483","1","1","makebalance","プロテイン ソイ 大豆 1kg たんぱく質含有量80％以上 FIXIT MAKE BALANCE  ダイエット 女性 にも","フレーバー","ココア","3880","0","3880","0"
"10110482","1","1","fixit-shaker-mb-aw","【追加用】プロテイン シェイカー 300ml シェーカー 【単品購入不可】FIXITソイプロテイン対象商品と同時購入の場合のみ、購入可能な商品です。","","","550","0","550","0"
"10110482","2","1","makebalance-plane","プロテイン ソイ 大豆  プレーン 人工甘味料不使用 無添加 1kg たんぱく質含有量85％以上 FIXIT MAKE BALANCE ダイエット 女性 にも","","","3580","0","3580","0"
"10110481","1","1","DAILYBASIC","プロテイン ホエイ 女性 1kg 50代 40代 ダイエット FIXIT DAILY BASIC シェイカー","フレーバー","ストロベリー","3480","0","3480","0"
"10110480","1","3","think-simple-wpc","プロテイン ホエイ 女性 WPC ダイエット シェイカー 無添加 50代 安い まとめ買い 美容   FIX IT THINK SIMPLE 1kg","","","3080","0","9240","0"
"10110479","1","1","null-sunscreen","ウォータープルーフ メンズ NULL 日焼け止め (特殊技術で 汗/水 に強い)SPF50+ PA++++ (顔＆からだ用) ロングUVA対応 40g (白くならない/クレンジング不要)","","","2017","0","2017","0"
"10110478","1","1","makebalance","プロテイン ソイ 大豆 1kg たんぱく質含有量80％以上 FIXIT MAKE BALANCE  ダイエット 女性 にも","フレーバー","ココア","3880","0","3880","0"
"10110477","1","1","null-remover-n","除毛クリーム メンズ VIO NULL ヌル 脱毛クリーム 剛毛 脱毛 除毛 除毛剤 ヒカキンさん購入で注文殺到中！","","","2979","0","2979","0"
"10110476","1","1","HTE008","ポータブル電源 車中泊 大容量 正弦波 蓄電池 ポータブル 電源 家庭用 太陽光 キャンプ リチウム 電気毛布 ポータブルバッテリー PowerArQ 626Wh","カラー","コヨーテタン","49500","0","49500","0"
"10110475","1","3","l0910","スマホホルダー 車 車載ホルダー iphone 13 吸盤 車載 スマホ ホルダー スタンド カーマウント スマホスタンド 車用携帯ホルダー SmartTap スマートタップ","","","2240","0","6720","0"
"10110474","1","1","l0910","スマホホルダー 車 車載ホルダー iphone 13 吸盤 車載 スマホ ホルダー スタンド カーマウント スマホスタンド 車用携帯ホルダー SmartTap スマートタップ","","","2240","0","2240","0"
"10110473","1","1","l0910","スマホホルダー 車 車載ホルダー iphone 13 吸盤 車載 スマホ ホルダー スタンド カーマウント スマホスタンド 車用携帯ホルダー SmartTap スマートタップ","","","2240","0","2240","0"
"10110471","1","1","think-simple-wpc","プロテイン ホエイ 女性 WPC ダイエット シェイカー 無添加 50代 安い まとめ買い 美容   FIX IT THINK SIMPLE 1kg","","","3080","0","3080","0"
"10110470","1","1","l0910","スマホホルダー 車 車載ホルダー iphone 13 吸盤 車載 スマホ ホルダー スタンド カーマウント スマホスタンド 車用携帯ホルダー SmartTap スマートタップ","","","2240","0","2240","0"
"10110469","1","1","null-remover-n","除毛クリーム メンズ VIO NULL ヌル 脱毛クリーム 剛毛 脱毛 除毛 除毛剤 ヒカキンさん購入で注文殺到中！","","","2979","0","2979","0"
"10110468","1","8","FEELNATURAL-PLANE","プロテイン ホエイ 女性 無添加 50代 40代 グラスフェッド ダイエット 安い まとめ買い 自然 美容 シェイカー FIX IT feel natural plane 1kg","","","4280","0","34240","0"
"10110467","1","1","DAILYBASIC","プロテイン ホエイ 女性 1kg 50代 40代 ダイエット FIXIT DAILY BASIC シェイカー","フレーバー","ストロベリー","3480","0","3480","0"
"10110466","1","1","l0851","FMトランスミッター Bluetooth 高音質 全239CH 76.1-99.9MHz 12-24V対応 車 スマホ 充電 Smart Tap","","","2980","0","2980","0"
"10110465","1","1","makebalance","プロテイン ソイ 大豆 1kg たんぱく質含有量80％以上 FIXIT MAKE BALANCE  ダイエット 女性 にも","フレーバー","抹茶","3880","0","3880","0"
"10110464","1","1","l0910","スマホホルダー 車 車載ホルダー iphone 13 吸盤 車載 スマホ ホルダー スタンド カーマウント スマホスタンド 車用携帯ホルダー SmartTap スマートタップ","","","2240","0","2240","0"
"10110463","1","1","makebalance-plane","プロテイン ソイ 大豆  プレーン 人工甘味料不使用 無添加 1kg たんぱく質含有量85％以上 FIXIT MAKE BALANCE ダイエット 女性 にも","","","3580","0","3580","0"
"10110462","1","1","l0910","スマホホルダー 車 車載ホルダー iphone 13 吸盤 車載 スマホ ホルダー スタンド カーマウント スマホスタンド 車用携帯ホルダー SmartTap スマートタップ","","","2240","0","2240","0"
"10110461","1","1","nalc-sunscreen","日焼け止め メンズ レディース NALC ナルク ウォータープルーフ SPF50+ PA++++ 顔 ＆ 全身 用 ひやけどめ ノビが良い 化粧下地にも スポーツ 海","","","2729","0","2729","0"
"10110460","1","1","l0910","スマホホルダー 車 車載ホルダー iphone 13 吸盤 車載 スマホ ホルダー スタンド カーマウント スマホスタンド 車用携帯ホルダー SmartTap スマートタップ","","","2240","0","2240","0"
"10110459","1","1","makebalance","プロテイン ソイ 大豆 1kg たんぱく質含有量80％以上 FIXIT MAKE BALANCE  ダイエット 女性 にも","フレーバー","ココア","3880","0","3880","0"
"10110458","1","1","makebalance","プロテイン ソイ 大豆 1kg たんぱく質含有量80％以上 FIXIT MAKE BALANCE  ダイエット 女性 にも","フレーバー","ココア","3880","0","3880","0"
"10110457","1","1","nalc-sunscreen","日焼け止め メンズ レディース NALC ナルク ウォータープルーフ SPF50+ PA++++ 顔 ＆ 全身 用 ひやけどめ ノビが良い 化粧下地にも スポーツ 海","","","2729","0","2729","0"
"10110456","1","1","l0910","スマホホルダー 車 車載ホルダー iphone 13 吸盤 車載 スマホ ホルダー スタンド カーマウント スマホスタンド 車用携帯ホルダー SmartTap スマートタップ","","","2240","0","2240","0"
"10110455","1","1","null-sunscreen","ウォータープルーフ メンズ NULL 日焼け止め (特殊技術で 汗/水 に強い)SPF50+ PA++++ (顔＆からだ用) ロングUVA対応 40g (白くならない/クレンジング不要)","","","2017","0","2017","0"
"10110454","1","1","l0910","スマホホルダー 車 車載ホルダー iphone 13 吸盤 車載 スマホ ホルダー スタンド カーマウント スマホスタンド 車用携帯ホルダー SmartTap スマートタップ","","","2240","0","2240","0"
"10110453","1","1","l0910","スマホホルダー 車 車載ホルダー iphone 13 吸盤 車載 スマホ ホルダー スタンド カーマウント スマホスタンド 車用携帯ホルダー SmartTap スマートタップ","","","2240","0","2240","0"
"10110452","1","1","makebalance-plane","プロテイン ソイ 大豆  プレーン 人工甘味料不使用 無添加 1kg たんぱく質含有量85％以上 FIXIT MAKE BALANCE ダイエット 女性 にも","","","3580","0","3580","0"
"10110451","1","1","l0914","スマホホルダー 車 車載ホルダー iphone13 吸盤 車載 スマホ ホルダー スタンド カーマウント スマホスタンド 車用携帯ホルダー SmartTap スマートタップ","","","2680","0","2680","0"
"10110450","1","1","AC50","ポータブル電源 車中泊 大容量 正弦波 蓄電池 ポータブル 電源 家庭用 キャンプ リチウム ポータブルバッテリー 停電 防災 PowerArQ 2 500Wh","カラー","コヨーテタン","44850","0","44850","0"
"10110449","1","1","null-acne-facewash","アクネブロック フェイスウォッシュ メンズ NULL (ニキビ を防ぐ かみそり負け/肌荒れ を防ぐ) 保湿成分*配合 洗顔クリーム 120g (無添加*)","","","2017","0","2017","0"
"10110449","2","1","allinonegel","美容液 メンズ 化粧水 オールインワン ジェル 男性用 NULL","","","3259","0","3259","0"
"10110448","1","1","null-bodywash","薬用 ボディーソープ メンズ  NULL ( 背中ニキビ を 防ぎ 体臭 加齢臭を抑える ) デオドラント 男性用 ボディソープ マリンシトラスの香り","","","3036","0","3036","0"
"10110447","1","2","null-sunscreen","ウォータープルーフ メンズ NULL 日焼け止め (特殊技術で 汗/水 に強い)SPF50+ PA++++ (顔＆からだ用) ロングUVA対応 40g (白くならない/クレンジング不要)","","","2017","0","4034","0"
"10110446","1","1","l0914","スマホホルダー 車 車載ホルダー iphone13 吸盤 車載 スマホ ホルダー スタンド カーマウント スマホスタンド 車用携帯ホルダー SmartTap スマートタップ","","","2680","0","2680","0"
"10110445","1","1","l0851","FMトランスミッター Bluetooth 高音質 全239CH 76.1-99.9MHz 12-24V対応 車 スマホ 充電 Smart Tap","","","2980","0","2980","0"
"10110444","1","1","null-remover-n","除毛クリーム メンズ VIO NULL ヌル 脱毛クリーム 剛毛 脱毛 除毛 除毛剤 ヒカキンさん購入で注文殺到中！","","","2979","0","2979","0"
"10110443","1","1","makebalance-plane","プロテイン ソイ 大豆  プレーン 人工甘味料不使用 無添加 1kg たんぱく質含有量85％以上 FIXIT MAKE BALANCE ダイエット 女性 にも","","","3580","0","3580","0"
"10110442","1","1","allinonegel","美容液 メンズ 化粧水 オールインワン ジェル 男性用 NULL","","","3259","0","3259","0"
"10110441","1","1","null-remover-n","除毛クリーム メンズ VIO NULL ヌル 脱毛クリーム 剛毛 脱毛 除毛 除毛剤 ヒカキンさん購入で注文殺到中！","","","2979","0","2979","0"
"10110440","1","1","l0910","スマホホルダー 車 車載ホルダー iphone 13 吸盤 車載 スマホ ホルダー スタンド カーマウント スマホスタンド 車用携帯ホルダー SmartTap スマートタップ","","","2240","0","2240","0"
"10110439","1","1","l0910","スマホホルダー 車 車載ホルダー iphone 13 吸盤 車載 スマホ ホルダー スタンド カーマウント スマホスタンド 車用携帯ホルダー SmartTap スマートタップ","","","2240","0","2240","0"
"10110438","1","1","l0822","ソーラーパネル ソーラー 太陽光 折りたたみ 折り畳み ソーラーパネル充電器 折り畳み ソーラー充電器 ソーラー充電 蓄電池 PowerArQ Solar 120W","サイズ;ソーラーパネル単品販売ページです。","折りたたみ　-　MC4;了承済み","22350","0","22350","0"
"10110437","1","1","AQ25L","ポータブル冷蔵庫 ICEBERG2 車載冷蔵庫 小型 冷蔵庫 ミニ冷蔵庫 25L PowerArQ パワーアーク","カラー","コヨーテタン","34100","0","34100","0"
"10110436","1","1","makebalance-plane","プロテイン ソイ 大豆  プレーン 人工甘味料不使用 無添加 1kg たんぱく質含有量85％以上 FIXIT MAKE BALANCE ダイエット 女性 にも","","","3580","0","3580","0"
"10110435","1","1","null-remover-n","除毛クリーム メンズ VIO NULL ヌル 脱毛クリーム 剛毛 脱毛 除毛 除毛剤 ヒカキンさん購入で注文殺到中！","","","2979","0","2979","0"
"10110434","1","1","l0822","ソーラーパネル ソーラー 太陽光 折りたたみ 折り畳み ソーラーパネル充電器 折り畳み ソーラー充電器 ソーラー充電 蓄電池 PowerArQ Solar 120W","サイズ;ソーラーパネル単品販売ページです。","折りたたみ　-　MC4;了承済み","22350","0","22350","0"
"10110434","2","1","HTE060","ポータブル電源 大容量 車中泊 正弦波 蓄電池 ポータブル 電源 家庭用 キャンプ ポータブルバッテリー 蓄電池 防災 停電 PowerArQ Pro 1000Wh","カラー","オリーブドラブ","99000","0","99000","0"
"10110433","1","1","HTE032","ポータブル電源 車中泊 大容量 正弦波 蓄電池 ポータブル 電源 家庭用 太陽光 キャンプ 電気毛布 ポータブルバッテリー 家庭用蓄電池 PowerArQ mini 346Wh","カラー","オリーブドラブ","27280","0","27280","0"
"10110432","1","1","makebalance","プロテイン ソイ 大豆 1kg たんぱく質含有量80％以上 FIXIT MAKE BALANCE  ダイエット 女性 にも","フレーバー","ココア","3880","0","3880","0"
"10110431","1","1","AC50","ポータブル電源 車中泊 大容量 正弦波 蓄電池 ポータブル 電源 家庭用 キャンプ リチウム ポータブルバッテリー 停電 防災 PowerArQ 2 500Wh","カラー","ジェットブラック","44850","0","44850","0"
"10110430","1","1","l0910","スマホホルダー 車 車載ホルダー iphone 13 吸盤 車載 スマホ ホルダー スタンド カーマウント スマホスタンド 車用携帯ホルダー SmartTap スマートタップ","","","2240","0","2240","0"
"10110429","1","1","l0910","スマホホルダー 車 車載ホルダー iphone 13 吸盤 車載 スマホ ホルダー スタンド カーマウント スマホスタンド 車用携帯ホルダー SmartTap スマートタップ","","","2240","0","2240","0"
"10110428","1","3","makebalance-plane","プロテイン ソイ 大豆  プレーン 人工甘味料不使用 無添加 1kg たんぱく質含有量85％以上 FIXIT MAKE BALANCE ダイエット 女性 にも","","","3580","0","10740","0"
"10110427","1","1","FELLNATURAL","プロテイン ホエイ 女性 無添加 50代 40代 グラスフェッド ダイエット 安い まとめ買い 自然 美容 シェイカー FIX IT feel natural 1kg","フレーバー","ココア","4780","0","4780","0"
"10110426","1","1","null-bodywash-re","お得な詰め替え用 薬用 ボディーソープ メンズ  NULL ( 背中ニキビ を 防ぎ 体臭 加齢臭を抑える ) デオドラント 男性用 詰替 簡単便利なキャップ式","","","2420","0","2420","0"
"10110425","1","1","null-sunscreen","ウォータープルーフ メンズ NULL 日焼け止め (特殊技術で 汗/水 に強い)SPF50+ PA++++ (顔＆からだ用) ロングUVA対応 40g (白くならない/クレンジング不要)","","","2017","0","2017","0"
"10110424","1","1","fafra-og-bodycream","【コスモスオーガニック認証】fafra オーガニック ボディクリーム フェイスクリーム 無添加 高保湿 天然由来成分 100% シアバター 日本製 いい香り ファフラ","","","2970","0","2970","0"
"10110423","1","1","l0910","スマホホルダー 車 車載ホルダー iphone 13 吸盤 車載 スマホ ホルダー スタンド カーマウント スマホスタンド 車用携帯ホルダー SmartTap スマートタップ","","","2240","0","2240","0"
"10110422","1","1","null-bbcream","BBクリーム コンシーラー ファンデーション 男性用 メンズ 日本製 青ひげ シミ クマを隠す NULL","メール便を選択で","送料無料","1915","0","1915","0"
"10110421","1","1","DD-EFK-7D","【期間限定10%off】 非常食セット 7日分 非常食 長期保存 備蓄 保存食 栄養士と防災士監修 備蓄 防災セット 食品 防災 防災グッズ Defend 父の日","賞味期限：;※複数ご購入の場合は別々に到着する事があります。","2027年3月以降;了承しました。","17820","0","17820","0"
"10110420","1","1","l0910","スマホホルダー 車 車載ホルダー iphone 13 吸盤 車載 スマホ ホルダー スタンド カーマウント スマホスタンド 車用携帯ホルダー SmartTap スマートタップ","","","2240","0","2240","0"
"10110419","1","1","null-remover-n","除毛クリーム メンズ VIO NULL ヌル 脱毛クリーム 剛毛 脱毛 除毛 除毛剤 ヒカキンさん購入で注文殺到中！","","","2979","0","2979","0"
"10110418","1","1","l0910","スマホホルダー 車 車載ホルダー iphone 13 吸盤 車載 スマホ ホルダー スタンド カーマウント スマホスタンド 車用携帯ホルダー SmartTap スマートタップ","","","2240","0","2240","0"
"10110417","1","2","makebalance-plane","プロテイン ソイ 大豆  プレーン 人工甘味料不使用 無添加 1kg たんぱく質含有量85％以上 FIXIT MAKE BALANCE ダイエット 女性 にも","","","3580","0","7160","0"
"10110416","1","1","l0910","スマホホルダー 車 車載ホルダー iphone 13 吸盤 車載 スマホ ホルダー スタンド カーマウント スマホスタンド 車用携帯ホルダー SmartTap スマートタップ","","","2240","0","2240","0"
"10110415","1","1","l0910","スマホホルダー 車 車載ホルダー iphone 13 吸盤 車載 スマホ ホルダー スタンド カーマウント スマホスタンド 車用携帯ホルダー SmartTap スマートタップ","","","2240","0","2240","0"
"10110414","1","1","l0910","スマホホルダー 車 車載ホルダー iphone 13 吸盤 車載 スマホ ホルダー スタンド カーマウント スマホスタンド 車用携帯ホルダー SmartTap スマートタップ","","","2240","0","2240","0"
"10110413","1","1","null-bbcream","BBクリーム コンシーラー ファンデーション 男性用 メンズ 日本製 青ひげ シミ クマを隠す NULL","メール便を選択で","送料無料","1915","0","1915","0"
"10110412","1","1","makebalance","プロテイン ソイ 大豆 1kg たんぱく質含有量80％以上 FIXIT MAKE BALANCE  ダイエット 女性 にも","フレーバー","抹茶","3880","0","3880","0"
"10110411","1","1","null-remover-n","除毛クリーム メンズ VIO NULL ヌル 脱毛クリーム 剛毛 脱毛 除毛 除毛剤 ヒカキンさん購入で注文殺到中！","","","2979","0","2979","0"
"10110410","1","1","fixit-shaker-mb-aw","【追加用】プロテイン シェイカー 300ml シェーカー 【単品購入不可】FIXITソイプロテイン対象商品と同時購入の場合のみ、購入可能な商品です。","","","550","0","550","0"
"10110410","2","1","makebalance-plane","プロテイン ソイ 大豆  プレーン 人工甘味料不使用 無添加 1kg たんぱく質含有量85％以上 FIXIT MAKE BALANCE ダイエット 女性 にも","","","3580","0","3580","0"
"10110409","1","1","null-bbcream","BBクリーム コンシーラー ファンデーション 男性用 メンズ 日本製 青ひげ シミ クマを隠す NULL","メール便を選択で","送料無料","1915","0","1915","0"
"10110408","1","1","AQ25L","ポータブル冷蔵庫 ICEBERG2 車載冷蔵庫 小型 冷蔵庫 ミニ冷蔵庫 25L PowerArQ パワーアーク","カラー","オリーブドラブ","34100","0","34100","0"
"10110407","1","1","DAILYBASIC","プロテイン ホエイ 女性 1kg 50代 40代 ダイエット FIXIT DAILY BASIC シェイカー","フレーバー","バニラ","3480","0","3480","0"
"10110406","1","1","l0910","スマホホルダー 車 車載ホルダー iphone 13 吸盤 車載 スマホ ホルダー スタンド カーマウント スマホスタンド 車用携帯ホルダー SmartTap スマートタップ","","","2240","0","2240","0"
"10110405","1","1","DAILYBASIC","プロテイン ホエイ 女性 1kg 50代 40代 ダイエット FIXIT DAILY BASIC シェイカー","フレーバー","コーヒー","3480","0","3480","0"
"10110404","1","1","AQ25L","ポータブル冷蔵庫 ICEBERG2 車載冷蔵庫 小型 冷蔵庫 ミニ冷蔵庫 25L PowerArQ パワーアーク","カラー","レッド","34100","0","34100","0"
"10110404","2","1","AC50","ポータブル電源 車中泊 大容量 正弦波 蓄電池 ポータブル 電源 家庭用 キャンプ リチウム ポータブルバッテリー 停電 防災 PowerArQ 2 500Wh","カラー","レッド","44850","0","44850","0"
"10110403","1","1","makebalance-plane","プロテイン ソイ 大豆  プレーン 人工甘味料不使用 無添加 1kg たんぱく質含有量85％以上 FIXIT MAKE BALANCE ダイエット 女性 にも","","","3580","0","3580","0"
"10110403","2","1","fixit-shaker-mb-aw","【追加用】プロテイン シェイカー 300ml シェーカー 【単品購入不可】FIXITソイプロテイン対象商品と同時購入の場合のみ、購入可能な商品です。","","","550","0","550","0"
"10110402","1","1","l0910","スマホホルダー 車 車載ホルダー iphone 13 吸盤 車載 スマホ ホルダー スタンド カーマウント スマホスタンド 車用携帯ホルダー SmartTap スマートタップ","","","2240","0","2240","0"
"10110401","1","1","l0910","スマホホルダー 車 車載ホルダー iphone 13 吸盤 車載 スマホ ホルダー スタンド カーマウント スマホスタンド 車用携帯ホルダー SmartTap スマートタップ","","","2240","0","2240","0"
"10110399","1","1","HTE060","ポータブル電源 大容量 車中泊 正弦波 蓄電池 ポータブル 電源 家庭用 キャンプ ポータブルバッテリー 蓄電池 防災 停電 PowerArQ Pro 1000Wh","カラー","コヨーテタン","99000","0","99000","0"
"10110400","1","1","l0914","スマホホルダー 車 車載ホルダー iphone13 吸盤 車載 スマホ ホルダー スタンド カーマウント スマホスタンド 車用携帯ホルダー SmartTap スマートタップ","","","2680","0","2680","0"
"10110398","1","2","null-bbcream","BBクリーム コンシーラー ファンデーション 男性用 メンズ 日本製 青ひげ シミ クマを隠す NULL","メール便を選択で","送料無料","1915","0","3830","0"
"10110396","1","1","FELLNATURAL","プロテイン ホエイ 女性 無添加 50代 40代 グラスフェッド ダイエット 安い まとめ買い 自然 美容 シェイカー FIX IT feel natural 1kg","フレーバー","ココア","4780","0","4780","0"
"10110395","1","1","AQ25L","ポータブル冷蔵庫 ICEBERG2 車載冷蔵庫 小型 冷蔵庫 ミニ冷蔵庫 25L PowerArQ パワーアーク","カラー","オリーブドラブ","34100","0","34100","0"
"10110394","1","1","FELLNATURAL","プロテイン ホエイ 女性 無添加 50代 40代 グラスフェッド ダイエット 安い まとめ買い 自然 美容 シェイカー FIX IT feel natural 1kg","フレーバー","抹茶","4780","0","4780","0"
"10110393","1","1","l0910","スマホホルダー 車 車載ホルダー iphone 13 吸盤 車載 スマホ ホルダー スタンド カーマウント スマホスタンド 車用携帯ホルダー SmartTap スマートタップ","","","2240","0","2240","0"
"10110392","1","1","l0910","スマホホルダー 車 車載ホルダー iphone 13 吸盤 車載 スマホ ホルダー スタンド カーマウント スマホスタンド 車用携帯ホルダー SmartTap スマートタップ","","","2240","0","2240","0"
"10110391","1","1","null-remover-n","除毛クリーム メンズ VIO NULL ヌル 脱毛クリーム 剛毛 脱毛 除毛 除毛剤 ヒカキンさん購入で注文殺到中！","","","2979","0","2979","0"
"10110390","1","1","makebalance","プロテイン ソイ 大豆 1kg たんぱく質含有量80％以上 FIXIT MAKE BALANCE  ダイエット 女性 にも","フレーバー","ココア","3880","0","3880","0"
"10110390","2","1","fixit-shaker-mb-aw","【追加用】プロテイン シェイカー 300ml シェーカー 【単品購入不可】FIXITソイプロテイン対象商品と同時購入の場合のみ、購入可能な商品です。","","","550","0","550","0"
"10110389","1","2","makebalance","プロテイン ソイ 大豆 1kg たんぱく質含有量80％以上 FIXIT MAKE BALANCE  ダイエット 女性 にも","フレーバー","ココア","3880","0","7760","0"
"10110388","1","1","AQ25L","ポータブル冷蔵庫 ICEBERG2 車載冷蔵庫 小型 冷蔵庫 ミニ冷蔵庫 25L PowerArQ パワーアーク","カラー","コヨーテタン","34100","0","34100","0"
"10110387","1","1","null-remover-n","除毛クリーム メンズ VIO NULL ヌル 脱毛クリーム 剛毛 脱毛 除毛 除毛剤 ヒカキンさん購入で注文殺到中！","","","2979","0","2979","0"
"10110386","1","1","l0910","スマホホルダー 車 車載ホルダー iphone 13 吸盤 車載 スマホ ホルダー スタンド カーマウント スマホスタンド 車用携帯ホルダー SmartTap スマートタップ","","","2240","0","2240","0"
"10110385","1","1","null-perfume-cream","練り香水 メンズ 男性 香水 NULL パフュームクリーム","","","3036","0","3036","0"
"10110384","1","1","l0822","ソーラーパネル ソーラー 太陽光 折りたたみ 折り畳み ソーラーパネル充電器 折り畳み ソーラー充電器 ソーラー充電 蓄電池 PowerArQ Solar 120W","サイズ;ソーラーパネル単品販売ページです。","折りたたみ　-　MC4;了承済み","22350","0","22350","0"
"10110383","1","3","nalc-sunscreen","日焼け止め メンズ レディース NALC ナルク ウォータープルーフ SPF50+ PA++++ 顔 ＆ 全身 用 ひやけどめ ノビが良い 化粧下地にも スポーツ 海","","","2729","0","8187","0"
"10110382","1","1","makebalance-plane","プロテイン ソイ 大豆  プレーン 人工甘味料不使用 無添加 1kg たんぱく質含有量85％以上 FIXIT MAKE BALANCE ダイエット 女性 にも","","","3580","0","3580","0"
"10110381","1","2","FEELNATURAL-PLANE","プロテイン ホエイ 女性 無添加 50代 40代 グラスフェッド ダイエット 安い まとめ買い 自然 美容 シェイカー FIX IT feel natural plane 1kg","","","4280","0","8560","0"
"10110380","1","1","l0910","スマホホルダー 車 車載ホルダー iphone 13 吸盤 車載 スマホ ホルダー スタンド カーマウント スマホスタンド 車用携帯ホルダー SmartTap スマートタップ","","","2240","0","2240","0"
"10110379","1","1","null-wrinklecream","アイクリーム メンズ シワ改善 × 美白【メンズ用日本初】薬用 美容液 NULL ヌル リンクルクリーム シワ改善 たるみ くま シミ そばかす を防ぐ","メール便を選択で","送料無料","3960","0","3960","0"
"10110378","1","1","l0910","スマホホルダー 車 車載ホルダー iphone 13 吸盤 車載 スマホ ホルダー スタンド カーマウント スマホスタンド 車用携帯ホルダー SmartTap スマートタップ","","","2240","0","2240","0"
"10110377","1","1","l0910","スマホホルダー 車 車載ホルダー iphone 13 吸盤 車載 スマホ ホルダー スタンド カーマウント スマホスタンド 車用携帯ホルダー SmartTap スマートタップ","","","2240","0","2240","0"
"10110376","1","1","null-bodywash-re","お得な詰め替え用 薬用 ボディーソープ メンズ  NULL ( 背中ニキビ を 防ぎ 体臭 加齢臭を抑える ) デオドラント 男性用 詰替 簡単便利なキャップ式","","","2420","0","2420","0"
"10110375","1","1","makebalance-plane","プロテイン ソイ 大豆  プレーン 人工甘味料不使用 無添加 1kg たんぱく質含有量85％以上 FIXIT MAKE BALANCE ダイエット 女性 にも","","","3580","0","3580","0"
"10110374","1","1","null-sunscreen","ウォータープルーフ メンズ NULL 日焼け止め (特殊技術で 汗/水 に強い)SPF50+ PA++++ (顔＆からだ用) ロングUVA対応 40g (白くならない/クレンジング不要)","","","2017","0","2017","0"
"10110373","1","1","l0910","スマホホルダー 車 車載ホルダー iphone 13 吸盤 車載 スマホ ホルダー スタンド カーマウント スマホスタンド 車用携帯ホルダー SmartTap スマートタップ","","","2240","0","2240","0"
"10110372","1","1","null-sunscreen","ウォータープルーフ メンズ NULL 日焼け止め (特殊技術で 汗/水 に強い)SPF50+ PA++++ (顔＆からだ用) ロングUVA対応 40g (白くならない/クレンジング不要)","","","2017","0","2017","0"
"10110371","1","1","null-bbcream","BBクリーム コンシーラー ファンデーション 男性用 メンズ 日本製 青ひげ シミ クマを隠す NULL","メール便を選択で","送料無料","1915","0","1915","0"
"10110370","1","1","makebalance","プロテイン ソイ 大豆 1kg たんぱく質含有量80％以上 FIXIT MAKE BALANCE  ダイエット 女性 にも","フレーバー","ココア","3880","0","3880","0"
"10110369","1","1","null-bodywash","薬用 ボディーソープ メンズ  NULL ( 背中ニキビ を 防ぎ 体臭 加齢臭を抑える ) デオドラント 男性用 ボディソープ マリンシトラスの香り","","","3036","0","3036","0"
"10110368","1","1","null-remover-n","除毛クリーム メンズ VIO NULL ヌル 脱毛クリーム 剛毛 脱毛 除毛 除毛剤 ヒカキンさん購入で注文殺到中！","","","2979","0","2979","0"
"10110367","1","3","null-sunscreen","ウォータープルーフ メンズ NULL 日焼け止め (特殊技術で 汗/水 に強い)SPF50+ PA++++ (顔＆からだ用) ロングUVA対応 40g (白くならない/クレンジング不要)","","","2017","0","6051","0"
"10110366","1","2","null-bbcream","BBクリーム コンシーラー ファンデーション 男性用 メンズ 日本製 青ひげ シミ クマを隠す NULL","メール便を選択で","送料無料","1915","0","3830","0"
"10110365","1","1","null-sunscreen","ウォータープルーフ メンズ NULL 日焼け止め (特殊技術で 汗/水 に強い)SPF50+ PA++++ (顔＆からだ用) ロングUVA対応 40g (白くならない/クレンジング不要)","","","2017","0","2017","0"
"10110364","1","1","null-sunscreen","ウォータープルーフ メンズ NULL 日焼け止め (特殊技術で 汗/水 に強い)SPF50+ PA++++ (顔＆からだ用) ロングUVA対応 40g (白くならない/クレンジング不要)","","","2017","0","2017","0"
"10110363","1","1","l0910","スマホホルダー 車 車載ホルダー iphone 13 吸盤 車載 スマホ ホルダー スタンド カーマウント スマホスタンド 車用携帯ホルダー SmartTap スマートタップ","","","2240","0","2240","0"
"10110362","1","1","null-acne-facewash","アクネブロック フェイスウォッシュ メンズ NULL (ニキビ を防ぐ かみそり負け/肌荒れ を防ぐ) 保湿成分*配合 洗顔クリーム 120g (無添加*)","","","2017","0","2017","0"
"10110361","1","1","null-bbcream","BBクリーム コンシーラー ファンデーション 男性用 メンズ 日本製 青ひげ シミ クマを隠す NULL","メール便を選択で","送料無料","1915","0","1915","0"
"10110360","1","1","null-honey-suger-wax","[ヒカキンさん購入！]NULL ブラジリアンワックス メンズ vio セルフ 脱毛 レディース 男性 女性 ムダ毛 処理 に( 脇 すね毛 腕 背中) 純国産 ハチミツ","","","3545","0","3545","0"
"10110359","1","1","null-deodrant3","デオドラント ゲル メンズ 薬用 (わきが 加齢臭 足の臭い 対策) 消臭 NULL","","","2017","0","2017","0"
"10110358","1","1","l0910","スマホホルダー 車 車載ホルダー iphone 13 吸盤 車載 スマホ ホルダー スタンド カーマウント スマホスタンド 車用携帯ホルダー SmartTap スマートタップ","","","2240","0","2240","0"
"10110357","1","1","fafra-botanicalmist","植物エキス 99.9%除菌 72時間抗菌 除菌スプレー【 fafra ボタニカル 除菌消臭スプレー 】日本製 ノンアルコール 弱酸性 ファフラ","香り","【グレープフルーツ】300ml","1980","0","1980","0"
"10110356","1","1","l0910","スマホホルダー 車 車載ホルダー iphone 13 吸盤 車載 スマホ ホルダー スタンド カーマウント スマホスタンド 車用携帯ホルダー SmartTap スマートタップ","","","2240","0","2240","0"
"10110355","1","1","null-remover-n","除毛クリーム メンズ VIO NULL ヌル 脱毛クリーム 剛毛 脱毛 除毛 除毛剤 ヒカキンさん購入で注文殺到中！","","","2979","0","2979","0"
"10110354","1","1","HTE060","ポータブル電源 大容量 車中泊 正弦波 蓄電池 ポータブル 電源 家庭用 キャンプ ポータブルバッテリー 蓄電池 防災 停電 PowerArQ Pro 1000Wh","カラー","レッド","99000","0","99000","0"
"10110353","1","1","DAILYBASIC","プロテイン ホエイ 女性 1kg 50代 40代 ダイエット FIXIT DAILY BASIC シェイカー","フレーバー","バニラ","3480","0","3480","0"
"10110352","1","1","null-collectivepen","NULL 男性用 コンシーラー 【 肌の赤み クマ 毛穴 薄い シミ ニキビ跡 】をメーキャップ効果でピンポイントカバー。 CollectivePen ヌル コレクティブペン","カラー;メール便を選択で","02(標準の肌色向け);送料無料","2684","0","2684","0"
"10110351","1","1","null-wrinklecream","アイクリーム メンズ シワ改善 × 美白【メンズ用日本初】薬用 美容液 NULL ヌル リンクルクリーム シワ改善 たるみ くま シミ そばかす を防ぐ","メール便を選択で","送料無料","3960","0","3960","0"
"10110350","1","1","allinonegel","美容液 メンズ 化粧水 オールインワン ジェル 男性用 NULL","","","3259","0","3259","0"
"10110349","1","1","PA50","ポータブル電源 大容量 車中泊 正弦波 蓄電池 ポータブル 電源 家庭用 キャンプ ポータブルバッテリー 停電 防災 PowerArQ 3 555Wh","カラー","コヨーテタン","59850","0","59850","0"
"10110349","2","1","l0841","GearBox for PowerArQ3 ショルダ ー付き ポータブル電源 収納バッ グ 保護ケース 耐衝撃 収納 バッグ ケース","","","6240","0","6240","0"
"10110348","1","1","makebalance","プロテイン ソイ 大豆 1kg たんぱく質含有量80％以上 FIXIT MAKE BALANCE  ダイエット 女性 にも","フレーバー","抹茶","3880","0","3880","0"
"10110347","1","1","l0910","スマホホルダー 車 車載ホルダー iphone 13 吸盤 車載 スマホ ホルダー スタンド カーマウント スマホスタンド 車用携帯ホルダー SmartTap スマートタップ","","","2240","0","2240","0"
"10110346","1","1","AC50","ポータブル電源 車中泊 大容量 正弦波 蓄電池 ポータブル 電源 家庭用 キャンプ リチウム ポータブルバッテリー 停電 防災 PowerArQ 2 500Wh","カラー","コヨーテタン","44850","0","44850","0"
"10110345","1","1","makebalance-plane","プロテイン ソイ 大豆  プレーン 人工甘味料不使用 無添加 1kg たんぱく質含有量85％以上 FIXIT MAKE BALANCE ダイエット 女性 にも","","","3580","0","3580","0"
"10110344","1","1","FEELNATURAL-PLANE","プロテイン ホエイ 女性 無添加 50代 40代 グラスフェッド ダイエット 安い まとめ買い 自然 美容 シェイカー FIX IT feel natural plane 1kg","","","4280","0","4280","0"
"10110343","1","5","null-sunscreen","ウォータープルーフ メンズ NULL 日焼け止め (特殊技術で 汗/水 に強い)SPF50+ PA++++ (顔＆からだ用) ロングUVA対応 40g (白くならない/クレンジング不要)","","","2017","0","10085","0"
"10110342","1","1","null-sunscreen","ウォータープルーフ メンズ NULL 日焼け止め (特殊技術で 汗/水 に強い)SPF50+ PA++++ (顔＆からだ用) ロングUVA対応 40g (白くならない/クレンジング不要)","","","2017","0","2017","0"
"10110341","1","1","l0910","スマホホルダー 車 車載ホルダー iphone 13 吸盤 車載 スマホ ホルダー スタンド カーマウント スマホスタンド 車用携帯ホルダー SmartTap スマートタップ","","","2240","0","2240","0"
"10110340","1","1","nalc-sunscreen","日焼け止め メンズ レディース NALC ナルク ウォータープルーフ SPF50+ PA++++ 顔 ＆ 全身 用 ひやけどめ ノビが良い 化粧下地にも スポーツ 海","","","2729","0","2729","0"
"10110339","1","1","PA50","ポータブル電源 大容量 車中泊 正弦波 蓄電池 ポータブル 電源 家庭用 キャンプ ポータブルバッテリー 停電 防災 PowerArQ 3 555Wh","カラー","コヨーテタン","59850","0","59850","0"
"10110338","1","1","think-simple-wpc","プロテイン ホエイ 女性 WPC ダイエット シェイカー 無添加 50代 安い まとめ買い 美容   FIX IT THINK SIMPLE 1kg","","","3080","0","3080","0"
"10110337","1","1","null-sunscreen","ウォータープルーフ メンズ NULL 日焼け止め (特殊技術で 汗/水 に強い)SPF50+ PA++++ (顔＆からだ用) ロングUVA対応 40g (白くならない/クレンジング不要)","","","2017","0","2017","0"
"10110336","1","1","makebalance","プロテイン ソイ 大豆 1kg たんぱく質含有量80％以上 FIXIT MAKE BALANCE  ダイエット 女性 にも","フレーバー","ココア","3880","0","3880","0"
"10110335","1","1","l0910","スマホホルダー 車 車載ホルダー iphone 13 吸盤 車載 スマホ ホルダー スタンド カーマウント スマホスタンド 車用携帯ホルダー SmartTap スマートタップ","","","2240","0","2240","0"
"10110334","1","1","l0910","スマホホルダー 車 車載ホルダー iphone 13 吸盤 車載 スマホ ホルダー スタンド カーマウント スマホスタンド 車用携帯ホルダー SmartTap スマートタップ","","","2240","0","2240","0"
"10110333","1","1","l0910","スマホホルダー 車 車載ホルダー iphone 13 吸盤 車載 スマホ ホルダー スタンド カーマウント スマホスタンド 車用携帯ホルダー SmartTap スマートタップ","","","2240","0","2240","0"
"10110332","1","1","l0914","スマホホルダー 車 車載ホルダー iphone13 吸盤 車載 スマホ ホルダー スタンド カーマウント スマホスタンド 車用携帯ホルダー SmartTap スマートタップ","","","2680","0","2680","0"
"10110331","1","1","DD-EFK-7D","【期間限定10%off】 非常食セット 7日分 非常食 長期保存 備蓄 保存食 栄養士と防災士監修 備蓄 防災セット 食品 防災 防災グッズ Defend 父の日","賞味期限：;※複数ご購入の場合は別々に到着する事があります。","2027年3月以降;了承しました。","17820","0","17820","0"
"10110330","1","1","makebalance","プロテイン ソイ 大豆 1kg たんぱく質含有量80％以上 FIXIT MAKE BALANCE  ダイエット 女性 にも","フレーバー","ココア","3880","0","3880","0"
"10110329","1","1","makebalance-plane","プロテイン ソイ 大豆  プレーン 人工甘味料不使用 無添加 1kg たんぱく質含有量85％以上 FIXIT MAKE BALANCE ダイエット 女性 にも","","","3580","0","3580","0"
"10110328","1","1","HTE060","ポータブル電源 大容量 車中泊 正弦波 蓄電池 ポータブル 電源 家庭用 キャンプ ポータブルバッテリー 蓄電池 防災 停電 PowerArQ Pro 1000Wh","カラー","コヨーテタン","99000","0","99000","0"
"10110327","1","1","PA50","ポータブル電源 大容量 車中泊 正弦波 蓄電池 ポータブル 電源 家庭用 キャンプ ポータブルバッテリー 停電 防災 PowerArQ 3 555Wh","カラー","コヨーテタン","59850","0","59850","0"
"10110326","1","1","l0910","スマホホルダー 車 車載ホルダー iphone 13 吸盤 車載 スマホ ホルダー スタンド カーマウント スマホスタンド 車用携帯ホルダー SmartTap スマートタップ","","","2240","0","2240","0"
"10110325","1","1","null-sunscreen","ウォータープルーフ メンズ NULL 日焼け止め (特殊技術で 汗/水 に強い)SPF50+ PA++++ (顔＆からだ用) ロングUVA対応 40g (白くならない/クレンジング不要)","","","2017","0","2017","0"
"10110325","2","1","add-lotion","【対象商品との組み合わせでのみ購入可能】アフターシェーブローション NULL【単品購入不可】対象以外の場合は自動キャンセルとさせて頂きます","","","2445","0","2445","0"
"10110324","1","1","HTE060","ポータブル電源 大容量 車中泊 正弦波 蓄電池 ポータブル 電源 家庭用 キャンプ ポータブルバッテリー 蓄電池 防災 停電 PowerArQ Pro 1000Wh","カラー","コヨーテタン","99000","0","99000","0"
"10110323","1","1","makebalance-plane","プロテイン ソイ 大豆  プレーン 人工甘味料不使用 無添加 1kg たんぱく質含有量85％以上 FIXIT MAKE BALANCE ダイエット 女性 にも","","","3580","0","3580","0"
"10110322","1","1","l0910","スマホホルダー 車 車載ホルダー iphone 13 吸盤 車載 スマホ ホルダー スタンド カーマウント スマホスタンド 車用携帯ホルダー SmartTap スマートタップ","","","2240","0","2240","0"
"10110321","1","1","PA50","ポータブル電源 大容量 車中泊 正弦波 蓄電池 ポータブル 電源 家庭用 キャンプ ポータブルバッテリー 停電 防災 PowerArQ 3 555Wh","カラー","レッド","59850","0","59850","0"
"10110320","1","1","null-sunscreen","ウォータープルーフ メンズ NULL 日焼け止め (特殊技術で 汗/水 に強い)SPF50+ PA++++ (顔＆からだ用) ロングUVA対応 40g (白くならない/クレンジング不要)","","","2017","0","2017","0"
"10110319","1","1","DD-EK01RLF","防災セット 1人用 防災グッズ 防災 防災グッズセット 厳選39点 5年保証 父の日","種類;賞味期限;※使用期限(ボディタオルなど);※商品パッケージはページと異なる場合があります。;※複数ご購入の場合は別々に到着する事があります。","DD-EK01RLF2;2027年3月以降;4年以上;了承しました。;了承しました。","13800","0","13800","0"
"10110318","1","1","l0910","スマホホルダー 車 車載ホルダー iphone 13 吸盤 車載 スマホ ホルダー スタンド カーマウント スマホスタンド 車用携帯ホルダー SmartTap スマートタップ","","","2240","0","2240","0"
"10110317","1","1","makebalance-plane","プロテイン ソイ 大豆  プレーン 人工甘味料不使用 無添加 1kg たんぱく質含有量85％以上 FIXIT MAKE BALANCE ダイエット 女性 にも","","","3580","0","3580","0"
"10110316","1","1","null-bodywash","薬用 ボディーソープ メンズ  NULL ( 背中ニキビ を 防ぎ 体臭 加齢臭を抑える ) デオドラント 男性用 ボディソープ マリンシトラスの香り","","","3036","0","3036","0"
"10110315","1","1","think-simple-wpc","プロテイン ホエイ 女性 WPC ダイエット シェイカー 無添加 50代 安い まとめ買い 美容   FIX IT THINK SIMPLE 1kg","","","3080","0","3080","0"
"10110314","1","1","l0841","GearBox for PowerArQ3 ショルダ ー付き ポータブル電源 収納バッ グ 保護ケース 耐衝撃 収納 バッグ ケース","","","6240","0","6240","0"
"10110313","1","1","null-bodywash-re","お得な詰め替え用 薬用 ボディーソープ メンズ  NULL ( 背中ニキビ を 防ぎ 体臭 加齢臭を抑える ) デオドラント 男性用 詰替 簡単便利なキャップ式","","","2420","0","2420","0"
"10110313","2","1","add-bodywash","【対象商品との組み合わせでのみ購入可能】薬用 ボディーソープ NULL【単品購入不可】対象以外の場合は自動キャンセルとさせて頂きます","","","2220","0","2220","0"
"10110312","1","1","l0822","ソーラーパネル ソーラー 太陽光 折りたたみ 折り畳み ソーラーパネル充電器 折り畳み ソーラー充電器 ソーラー充電 蓄電池 PowerArQ Solar 120W","サイズ;ソーラーパネル単品販売ページです。","折りたたみ　-　MC4;了承済み","22350","0","22350","0"
"10110311","1","1","null-remover-n","除毛クリーム メンズ VIO NULL ヌル 脱毛クリーム 剛毛 脱毛 除毛 除毛剤 ヒカキンさん購入で注文殺到中！","","","2979","0","2979","0"
"10110310","1","1","PA50","ポータブル電源 大容量 車中泊 正弦波 蓄電池 ポータブル 電源 家庭用 キャンプ ポータブルバッテリー 停電 防災 PowerArQ 3 555Wh","カラー","チャコール","59850","0","59850","0"
"10110309","1","1","l0910","スマホホルダー 車 車載ホルダー iphone 13 吸盤 車載 スマホ ホルダー スタンド カーマウント スマホスタンド 車用携帯ホルダー SmartTap スマートタップ","","","2240","0","2240","0"
"10110308","1","1","makebalance","プロテイン ソイ 大豆 1kg たんぱく質含有量80％以上 FIXIT MAKE BALANCE  ダイエット 女性 にも","フレーバー","ココア","3880","0","3880","0"
"10110307","1","1","think-simple-wpc","プロテイン ホエイ 女性 WPC ダイエット シェイカー 無添加 50代 安い まとめ買い 美容   FIX IT THINK SIMPLE 1kg","","","3080","0","3080","0"
"10110306","1","2","l0910","スマホホルダー 車 車載ホルダー iphone 13 吸盤 車載 スマホ ホルダー スタンド カーマウント スマホスタンド 車用携帯ホルダー SmartTap スマートタップ","","","2240","0","4480","0"
"10110305","1","1","l0910","スマホホルダー 車 車載ホルダー iphone 13 吸盤 車載 スマホ ホルダー スタンド カーマウント スマホスタンド 車用携帯ホルダー SmartTap スマートタップ","","","2240","0","2240","0"
"10110304","1","1","l0550","車載ホルダー iphone スマホホルダー 車 スマホ 車載ホルダー スマホスタンド 車載 スマートフォン 車載ホルダー 吸盤 カーマウント SmartTap スマートタップ","","","2200","0","2200","0"
"10110303","1","1","FELLNATURAL","プロテイン ホエイ 女性 無添加 50代 40代 グラスフェッド ダイエット 安い まとめ買い 自然 美容 シェイカー FIX IT feel natural 1kg","フレーバー","ココア","4780","0","4780","0"
"10110302","1","1","makebalance-plane","プロテイン ソイ 大豆  プレーン 人工甘味料不使用 無添加 1kg たんぱく質含有量85％以上 FIXIT MAKE BALANCE ダイエット 女性 にも","","","3580","0","3580","0"
"10110301","1","1","null-sunscreen","ウォータープルーフ メンズ NULL 日焼け止め (特殊技術で 汗/水 に強い)SPF50+ PA++++ (顔＆からだ用) ロングUVA対応 40g (白くならない/クレンジング不要)","","","2017","0","2017","0"
"10110300","1","1","makebalance","プロテイン ソイ 大豆 1kg たんぱく質含有量80％以上 FIXIT MAKE BALANCE  ダイエット 女性 にも","フレーバー","抹茶","3880","0","3880","0"
"10110299","1","1","null-sunscreen","ウォータープルーフ メンズ NULL 日焼け止め (特殊技術で 汗/水 に強い)SPF50+ PA++++ (顔＆からだ用) ロングUVA対応 40g (白くならない/クレンジング不要)","","","2017","0","2017","0"
"10110298","1","1","l0910","スマホホルダー 車 車載ホルダー iphone 13 吸盤 車載 スマホ ホルダー スタンド カーマウント スマホスタンド 車用携帯ホルダー SmartTap スマートタップ","","","2240","0","2240","0"
"10110297","1","1","makebalance-plane","プロテイン ソイ 大豆  プレーン 人工甘味料不使用 無添加 1kg たんぱく質含有量85％以上 FIXIT MAKE BALANCE ダイエット 女性 にも","","","3580","0","3580","0"
"10110296","1","2","makebalance","プロテイン ソイ 大豆 1kg たんぱく質含有量80％以上 FIXIT MAKE BALANCE  ダイエット 女性 にも","フレーバー","ココア","3880","0","7760","0"
"10110295","1","1","AC30","ポータブル電源 リン酸鉄リチウムバッテリー  車中泊 大容量 正弦波 蓄電池 ポータブル 電源 ポータブルバッテリー 停電 防災 PowerArQ mini 2 300Wh","カラー","コヨーテタン","36300","0","36300","0"
"10110295","2","1","AC30","ポータブル電源 リン酸鉄リチウムバッテリー  車中泊 大容量 正弦波 蓄電池 ポータブル 電源 ポータブルバッテリー 停電 防災 PowerArQ mini 2 300Wh","カラー","オリーブドラブ","36300","0","36300","0"
"10110294","1","1","DD-EFK-7D","【期間限定10%off】 非常食セット 7日分 非常食 長期保存 備蓄 保存食 栄養士と防災士監修 備蓄 防災セット 食品 防災 防災グッズ Defend 父の日","賞味期限：;※複数ご購入の場合は別々に到着する事があります。","2027年3月以降;了承しました。","17820","0","17820","0"
"10110293","1","1","makebalance-plane","プロテイン ソイ 大豆  プレーン 人工甘味料不使用 無添加 1kg たんぱく質含有量85％以上 FIXIT MAKE BALANCE ダイエット 女性 にも","","","3580","0","3580","0"
"10110292","1","1","null-remover-n","除毛クリーム メンズ VIO NULL ヌル 脱毛クリーム 剛毛 脱毛 除毛 除毛剤 ヒカキンさん購入で注文殺到中！","","","2979","0","2979","0"
"10110291","1","1","nalc-sunscreen","日焼け止め メンズ レディース NALC ナルク ウォータープルーフ SPF50+ PA++++ 顔 ＆ 全身 用 ひやけどめ ノビが良い 化粧下地にも スポーツ 海","","","2729","0","2729","0"
"10110290","1","1","null-bbcream","BBクリーム コンシーラー ファンデーション 男性用 メンズ 日本製 青ひげ シミ クマを隠す NULL","メール便を選択で","送料無料","1915","0","1915","0"
"10110289","1","1","null-bodywash","薬用 ボディーソープ メンズ  NULL ( 背中ニキビ を 防ぎ 体臭 加齢臭を抑える ) デオドラント 男性用 ボディソープ マリンシトラスの香り","","","3036","0","3036","0"
"10110288","1","1","makebalance","プロテイン ソイ 大豆 1kg たんぱく質含有量80％以上 FIXIT MAKE BALANCE  ダイエット 女性 にも","フレーバー","ココア","3880","0","3880","0"
"10110287","1","1","l0910","スマホホルダー 車 車載ホルダー iphone 13 吸盤 車載 スマホ ホルダー スタンド カーマウント スマホスタンド 車用携帯ホルダー SmartTap スマートタップ","","","2240","0","2240","0"
"10110286","1","1","l0910","スマホホルダー 車 車載ホルダー iphone 13 吸盤 車載 スマホ ホルダー スタンド カーマウント スマホスタンド 車用携帯ホルダー SmartTap スマートタップ","","","2240","0","2240","0"
"10110285","1","1","HTE008","ポータブル電源 車中泊 大容量 正弦波 蓄電池 ポータブル 電源 家庭用 太陽光 キャンプ リチウム 電気毛布 ポータブルバッテリー PowerArQ 626Wh","カラー","コヨーテタン","49500","0","49500","0"
"10110284","1","1","AC50","ポータブル電源 車中泊 大容量 正弦波 蓄電池 ポータブル 電源 家庭用 キャンプ リチウム ポータブルバッテリー 停電 防災 PowerArQ 2 500Wh","カラー","オリーブドラブ","44850","0","44850","0"
"10110283","1","1","l0910","スマホホルダー 車 車載ホルダー iphone 13 吸盤 車載 スマホ ホルダー スタンド カーマウント スマホスタンド 車用携帯ホルダー SmartTap スマートタップ","","","2240","0","2240","0"
"10110282","1","1","DAILYBASIC","プロテイン ホエイ 女性 1kg 50代 40代 ダイエット FIXIT DAILY BASIC シェイカー","フレーバー","バニラ","3480","0","3480","0"
"10110281","1","1","null-sunscreen","ウォータープルーフ メンズ NULL 日焼け止め (特殊技術で 汗/水 に強い)SPF50+ PA++++ (顔＆からだ用) ロングUVA対応 40g (白くならない/クレンジング不要)","","","2017","0","2017","0"
"10110280","1","1","makebalance-plane","プロテイン ソイ 大豆  プレーン 人工甘味料不使用 無添加 1kg たんぱく質含有量85％以上 FIXIT MAKE BALANCE ダイエット 女性 にも","","","3580","0","3580","0"
"10110279","1","1","l0910","スマホホルダー 車 車載ホルダー iphone 13 吸盤 車載 スマホ ホルダー スタンド カーマウント スマホスタンド 車用携帯ホルダー SmartTap スマートタップ","","","2240","0","2240","0"
"10110278","1","1","AC50","ポータブル電源 車中泊 大容量 正弦波 蓄電池 ポータブル 電源 家庭用 キャンプ リチウム ポータブルバッテリー 停電 防災 PowerArQ 2 500Wh","カラー","スノーホワイト","44850","0","44850","0"
"10110277","1","1","null-sunscreen","ウォータープルーフ メンズ NULL 日焼け止め (特殊技術で 汗/水 に強い)SPF50+ PA++++ (顔＆からだ用) ロングUVA対応 40g (白くならない/クレンジング不要)","","","2017","0","2017","0"
"10110276","1","1","l0910","スマホホルダー 車 車載ホルダー iphone 13 吸盤 車載 スマホ ホルダー スタンド カーマウント スマホスタンド 車用携帯ホルダー SmartTap スマートタップ","","","2240","0","2240","0"
"10110275","1","1","null-bodywash-re","お得な詰め替え用 薬用 ボディーソープ メンズ  NULL ( 背中ニキビ を 防ぎ 体臭 加齢臭を抑える ) デオドラント 男性用 詰替 簡単便利なキャップ式","","","2420","0","2420","0"
"10110273","1","1","DAILYBASIC","プロテイン ホエイ 女性 1kg 50代 40代 ダイエット FIXIT DAILY BASIC シェイカー","フレーバー","フルーツミックス","3480","0","3480","0"
"10110272","1","2","FELLNATURAL","プロテイン ホエイ 女性 無添加 50代 40代 グラスフェッド ダイエット 安い まとめ買い 自然 美容 シェイカー FIX IT feel natural 1kg","フレーバー","抹茶","4780","0","9560","0"
"10110271","1","1","FEELNATURAL-PLANE","プロテイン ホエイ 女性 無添加 50代 40代 グラスフェッド ダイエット 安い まとめ買い 自然 美容 シェイカー FIX IT feel natural plane 1kg","","","4280","0","4280","0"
"10110270","1","1","makebalance","プロテイン ソイ 大豆 1kg たんぱく質含有量80％以上 FIXIT MAKE BALANCE  ダイエット 女性 にも","フレーバー","ココア","3880","0","3880","0"
"10110269","1","1","l0910","スマホホルダー 車 車載ホルダー iphone 13 吸盤 車載 スマホ ホルダー スタンド カーマウント スマホスタンド 車用携帯ホルダー SmartTap スマートタップ","","","2240","0","2240","0"
"10110268","1","1","l0910","スマホホルダー 車 車載ホルダー iphone 13 吸盤 車載 スマホ ホルダー スタンド カーマウント スマホスタンド 車用携帯ホルダー SmartTap スマートタップ","","","2240","0","2240","0"
"10110267","1","1","FEELNATURAL-PLANE","プロテイン ホエイ 女性 無添加 50代 40代 グラスフェッド ダイエット 安い まとめ買い 自然 美容 シェイカー FIX IT feel natural plane 1kg","","","4280","0","4280","0"
"10110266","1","1","makebalance-plane","プロテイン ソイ 大豆  プレーン 人工甘味料不使用 無添加 1kg たんぱく質含有量85％以上 FIXIT MAKE BALANCE ダイエット 女性 にも","","","3580","0","3580","0"
"10110265","1","1","makebalance","プロテイン ソイ 大豆 1kg たんぱく質含有量80％以上 FIXIT MAKE BALANCE  ダイエット 女性 にも","フレーバー","抹茶","3880","0","3880","0"
"10110263","1","1","l0910","スマホホルダー 車 車載ホルダー iphone 13 吸盤 車載 スマホ ホルダー スタンド カーマウント スマホスタンド 車用携帯ホルダー SmartTap スマートタップ","","","2240","0","2240","0"
"10110262","1","1","makebalance-plane","プロテイン ソイ 大豆  プレーン 人工甘味料不使用 無添加 1kg たんぱく質含有量85％以上 FIXIT MAKE BALANCE ダイエット 女性 にも","","","3580","0","3580","0"
"10110261","1","1","think-simple-wpc","プロテイン ホエイ 女性 WPC ダイエット シェイカー 無添加 50代 安い まとめ買い 美容   FIX IT THINK SIMPLE 1kg","","","3080","0","3080","0"
"10110260","1","1","null-remover-n","除毛クリーム メンズ VIO NULL ヌル 脱毛クリーム 剛毛 脱毛 除毛 除毛剤 ヒカキンさん購入で注文殺到中！","","","2979","0","2979","0"
"10110259","1","1","FEELNATURAL-PLANE","プロテイン ホエイ 女性 無添加 50代 40代 グラスフェッド ダイエット 安い まとめ買い 自然 美容 シェイカー FIX IT feel natural plane 1kg","","","4280","0","4280","0"
"10110258","1","1","null-remover-n","除毛クリーム メンズ VIO NULL ヌル 脱毛クリーム 剛毛 脱毛 除毛 除毛剤 ヒカキンさん購入で注文殺到中！","","","2979","0","2979","0"
"10110257","1","1","l0910","スマホホルダー 車 車載ホルダー iphone 13 吸盤 車載 スマホ ホルダー スタンド カーマウント スマホスタンド 車用携帯ホルダー SmartTap スマートタップ","","","2240","0","2240","0"
"10110256","1","3","null-bodywash","薬用 ボディーソープ メンズ  NULL ( 背中ニキビ を 防ぎ 体臭 加齢臭を抑える ) デオドラント 男性用 ボディソープ マリンシトラスの香り","","","3036","0","9108","0"
"10110255","1","1","DAILYBASIC","プロテイン ホエイ 女性 1kg 50代 40代 ダイエット FIXIT DAILY BASIC シェイカー","フレーバー","フルーツミックス","3480","0","3480","0"
"10110254","1","3","null-sunscreen","ウォータープルーフ メンズ NULL 日焼け止め (特殊技術で 汗/水 に強い)SPF50+ PA++++ (顔＆からだ用) ロングUVA対応 40g (白くならない/クレンジング不要)","","","2017","0","6051","0"
"10110253","1","1","AC50","ポータブル電源 車中泊 大容量 正弦波 蓄電池 ポータブル 電源 家庭用 キャンプ リチウム ポータブルバッテリー 停電 防災 PowerArQ 2 500Wh","カラー","コヨーテタン","44850","0","44850","0"
"10110252","1","1","IS-WPCS","防水ケース iPhone7 iPhone7 Plus iPhone6S / 6 防水 防塵 耐衝撃 防水ケース iPhone IP68 iina-style","機種;カラー","iPhone6S/6;ブラック","990","0","990","0"
"10110251","1","1","makebalance-plane","プロテイン ソイ 大豆  プレーン 人工甘味料不使用 無添加 1kg たんぱく質含有量85％以上 FIXIT MAKE BALANCE ダイエット 女性 にも","","","3580","0","3580","0"
"10110250","1","1","fafra-botanicalmist","植物エキス 99.9%除菌 72時間抗菌 除菌スプレー【 fafra ボタニカル 除菌消臭スプレー 】日本製 ノンアルコール 弱酸性 ファフラ","香り","【無香料】300ml","1980","0","1980","0"
"10110249","1","1","AC50","ポータブル電源 車中泊 大容量 正弦波 蓄電池 ポータブル 電源 家庭用 キャンプ リチウム ポータブルバッテリー 停電 防災 PowerArQ 2 500Wh","カラー","チャコール","44850","0","44850","0"
"10110248","1","1","l0841","GearBox for PowerArQ3 ショルダ ー付き ポータブル電源 収納バッ グ 保護ケース 耐衝撃 収納 バッグ ケース","","","6240","0","6240","0"
"10110247","1","2","null-wrinklecream","アイクリーム メンズ シワ改善 × 美白【メンズ用日本初】薬用 美容液 NULL ヌル リンクルクリーム シワ改善 たるみ くま シミ そばかす を防ぐ","メール便を選択で","送料無料","3960","0","7920","0"
"10110247","2","1","null-perfume-cream","練り香水 メンズ 男性 香水 NULL パフュームクリーム","","","3036","0","3036","0"
"10110247","3","1","null-sunscreen","ウォータープルーフ メンズ NULL 日焼け止め (特殊技術で 汗/水 に強い)SPF50+ PA++++ (顔＆からだ用) ロングUVA対応 40g (白くならない/クレンジング不要)","","","2017","0","2017","0"
"10110247","4","2","null-deodrant3","デオドラント ゲル メンズ 薬用 (わきが 加齢臭 足の臭い 対策) 消臭 NULL","","","2017","0","4034","0"
"10110246","1","1","add-facewash","【対象商品との組み合わせでのみ購入可能】アクネブロックフェイスウォッシュ NULL【単品購入不可】対象以外の場合は自動キャンセルとさせて頂きます","","","1711","0","1711","0"
"10110246","2","1","allinonegel","美容液 メンズ 化粧水 オールインワン ジェル 男性用 NULL","","","3259","0","3259","0"
"10110245","1","1","null-remover-n","除毛クリーム メンズ VIO NULL ヌル 脱毛クリーム 剛毛 脱毛 除毛 除毛剤 ヒカキンさん購入で注文殺到中！","","","2979","0","2979","0"
"10110244","1","1","l0910","スマホホルダー 車 車載ホルダー iphone 13 吸盤 車載 スマホ ホルダー スタンド カーマウント スマホスタンド 車用携帯ホルダー SmartTap スマートタップ","","","2240","0","2240","0"
"10110243","1","1","PA50","ポータブル電源 大容量 車中泊 正弦波 蓄電池 ポータブル 電源 家庭用 キャンプ ポータブルバッテリー 停電 防災 PowerArQ 3 555Wh","カラー","コヨーテタン","59850","0","59850","0"
"10110242","1","1","makebalance","プロテイン ソイ 大豆 1kg たんぱく質含有量80％以上 FIXIT MAKE BALANCE  ダイエット 女性 にも","フレーバー","ココア","3880","0","3880","0"
"10110241","1","1","null-sunscreen","ウォータープルーフ メンズ NULL 日焼け止め (特殊技術で 汗/水 に強い)SPF50+ PA++++ (顔＆からだ用) ロングUVA対応 40g (白くならない/クレンジング不要)","","","2017","0","2017","0"
"10110240","1","1","l0910","スマホホルダー 車 車載ホルダー iphone 13 吸盤 車載 スマホ ホルダー スタンド カーマウント スマホスタンド 車用携帯ホルダー SmartTap スマートタップ","","","2240","0","2240","0"
"10110239","1","1","allinonegel","美容液 メンズ 化粧水 オールインワン ジェル 男性用 NULL","","","3259","0","3259","0"
"10110238","1","1","PA50","ポータブル電源 大容量 車中泊 正弦波 蓄電池 ポータブル 電源 家庭用 キャンプ ポータブルバッテリー 停電 防災 PowerArQ 3 555Wh","カラー","オリーブドラブ","59850","0","59850","0"
"10110237","1","1","null-perfume-cream","練り香水 メンズ 男性 香水 NULL パフュームクリーム","","","3036","0","3036","0"
"10110236","1","1","makebalance-plane","プロテイン ソイ 大豆  プレーン 人工甘味料不使用 無添加 1kg たんぱく質含有量85％以上 FIXIT MAKE BALANCE ダイエット 女性 にも","","","3580","0","3580","0"
"10110235","1","3","makebalance-plane","プロテイン ソイ 大豆  プレーン 人工甘味料不使用 無添加 1kg たんぱく質含有量85％以上 FIXIT MAKE BALANCE ダイエット 女性 にも","","","3580","0","10740","0"
"10110234","1","1","makebalance-plane","プロテイン ソイ 大豆  プレーン 人工甘味料不使用 無添加 1kg たんぱく質含有量85％以上 FIXIT MAKE BALANCE ダイエット 女性 にも","","","3580","0","3580","0"
"10110233","1","1","null-remover-n","除毛クリーム メンズ VIO NULL ヌル 脱毛クリーム 剛毛 脱毛 除毛 除毛剤 ヒカキンさん購入で注文殺到中！","","","2979","0","2979","0"
"10110232","1","1","makebalance","プロテイン ソイ 大豆 1kg たんぱく質含有量80％以上 FIXIT MAKE BALANCE  ダイエット 女性 にも","フレーバー","ココア","3880","0","3880","0"
"10110231","1","1","l0910","スマホホルダー 車 車載ホルダー iphone 13 吸盤 車載 スマホ ホルダー スタンド カーマウント スマホスタンド 車用携帯ホルダー SmartTap スマートタップ","","","2240","0","2240","0"
"10110230","1","1","null-sunscreen","ウォータープルーフ メンズ NULL 日焼け止め (特殊技術で 汗/水 に強い)SPF50+ PA++++ (顔＆からだ用) ロングUVA対応 40g (白くならない/クレンジング不要)","","","2017","0","2017","0"
"10110229","1","2","l0915","スマホホルダー 車 充電 車載ホルダー 充電 ワイヤレス充電器 スマホスタンド iphone 吸盤 Smart Tap スマートタップ","","","3960","0","7920","0"
"10110228","1","1","makebalance","プロテイン ソイ 大豆 1kg たんぱく質含有量80％以上 FIXIT MAKE BALANCE  ダイエット 女性 にも","フレーバー","ココア","3880","0","3880","0"
"10110227","1","1","makebalance-plane","プロテイン ソイ 大豆  プレーン 人工甘味料不使用 無添加 1kg たんぱく質含有量85％以上 FIXIT MAKE BALANCE ダイエット 女性 にも","","","3580","0","3580","0"
"10110226","1","1","makebalance","プロテイン ソイ 大豆 1kg たんぱく質含有量80％以上 FIXIT MAKE BALANCE  ダイエット 女性 にも","フレーバー","ココア","3880","0","3880","0"
"10110225","1","1","DD-EFK-7D","【期間限定10%off】 非常食セット 7日分 非常食 長期保存 備蓄 保存食 栄養士と防災士監修 備蓄 防災セット 食品 防災 防災グッズ Defend 父の日","賞味期限：;※複数ご購入の場合は別々に到着する事があります。","2027年3月以降;了承しました。","17820","0","17820","0"
"10110224","1","5","DD-EFK-7D","【期間限定10%off】 非常食セット 7日分 非常食 長期保存 備蓄 保存食 栄養士と防災士監修 備蓄 防災セット 食品 防災 防災グッズ Defend 父の日","賞味期限：;※複数ご購入の場合は別々に到着する事があります。","2027年3月以降;了承しました。","17820","0","89100","0"
"10110223","1","1","makebalance","プロテイン ソイ 大豆 1kg たんぱく質含有量80％以上 FIXIT MAKE BALANCE  ダイエット 女性 にも","フレーバー","ココア","3880","0","3880","0"
"10110222","1","1","think-simple-wpc","プロテイン ホエイ 女性 WPC ダイエット シェイカー 無添加 50代 安い まとめ買い 美容   FIX IT THINK SIMPLE 1kg","","","3080","0","3080","0"
"10110221","1","2","makebalance-plane","プロテイン ソイ 大豆  プレーン 人工甘味料不使用 無添加 1kg たんぱく質含有量85％以上 FIXIT MAKE BALANCE ダイエット 女性 にも","","","3580","0","7160","0"
"10110220","1","1","DD-EK01RLF","防災セット 1人用 防災グッズ 防災 防災グッズセット 厳選39点 5年保証 父の日","種類;賞味期限;※使用期限(ボディタオルなど);※商品パッケージはページと異なる場合があります。;※複数ご購入の場合は別々に到着する事があります。","DD-EK01RLF2;2027年3月以降;4年以上;了承しました。;了承しました。","13800","0","13800","0"
"10110219","1","1","null-honey-suger-wax","[ヒカキンさん購入！]NULL ブラジリアンワックス メンズ vio セルフ 脱毛 レディース 男性 女性 ムダ毛 処理 に( 脇 すね毛 腕 背中) 純国産 ハチミツ","","","3545","0","3545","0"
"10110218","1","1","DD-EK01RLF","防災セット 1人用 防災グッズ 防災 防災グッズセット 厳選39点 5年保証 父の日","種類;賞味期限;※使用期限(ボディタオルなど);※商品パッケージはページと異なる場合があります。;※複数ご購入の場合は別々に到着する事があります。","DD-EK01RLF2;2027年3月以降;4年以上;了承しました。;了承しました。","13800","0","13800","0"
"10110217","1","1","IS-BTEP05","イヤホン iPhone ワイヤレス bluetooth ワイヤレスイヤホン スマホ スポーツ 高音質 重低音 イヤフォン ブルートゥース 22時間連続再生 ランニング iina-style","色","ホワイト","2980","0","2980","0"
"10110216","1","1","l0910","スマホホルダー 車 車載ホルダー iphone 13 吸盤 車載 スマホ ホルダー スタンド カーマウント スマホスタンド 車用携帯ホルダー SmartTap スマートタップ","","","2240","0","2240","0"
"10110215","1","1","l0910","スマホホルダー 車 車載ホルダー iphone 13 吸盤 車載 スマホ ホルダー スタンド カーマウント スマホスタンド 車用携帯ホルダー SmartTap スマートタップ","","","2240","0","2240","0"
"10110214","1","3","makebalance-plane","プロテイン ソイ 大豆  プレーン 人工甘味料不使用 無添加 1kg たんぱく質含有量85％以上 FIXIT MAKE BALANCE ダイエット 女性 にも","","","3580","0","10740","0"
"10110213","1","1","DAILYBASIC","プロテイン ホエイ 女性 1kg 50代 40代 ダイエット FIXIT DAILY BASIC シェイカー","フレーバー","ストロベリー","3480","0","3480","0"
"10110213","2","1","DAILYBASIC","プロテイン ホエイ 女性 1kg 50代 40代 ダイエット FIXIT DAILY BASIC シェイカー","フレーバー","コーヒー","3480","0","3480","0"
"10110211","1","1","l0910","スマホホルダー 車 車載ホルダー iphone 13 吸盤 車載 スマホ ホルダー スタンド カーマウント スマホスタンド 車用携帯ホルダー SmartTap スマートタップ","","","2240","0","2240","0"
"10110210","1","1","PA50","ポータブル電源 大容量 車中泊 正弦波 蓄電池 ポータブル 電源 家庭用 キャンプ ポータブルバッテリー 停電 防災 PowerArQ 3 555Wh","カラー","オリーブドラブ","59850","0","59850","0"
"10110209","1","2","FELLNATURAL","プロテイン ホエイ 女性 無添加 50代 40代 グラスフェッド ダイエット 安い まとめ買い 自然 美容 シェイカー FIX IT feel natural 1kg","フレーバー","ココア","4780","0","9560","0"
"10110208","1","1","l0851","FMトランスミッター Bluetooth 高音質 全239CH 76.1-99.9MHz 12-24V対応 車 スマホ 充電 Smart Tap","","","2980","0","2980","0"
"10110207","1","1","l0910","スマホホルダー 車 車載ホルダー iphone 13 吸盤 車載 スマホ ホルダー スタンド カーマウント スマホスタンド 車用携帯ホルダー SmartTap スマートタップ","","","2240","0","2240","0"
"10110206","1","1","l0910","スマホホルダー 車 車載ホルダー iphone 13 吸盤 車載 スマホ ホルダー スタンド カーマウント スマホスタンド 車用携帯ホルダー SmartTap スマートタップ","","","2240","0","2240","0"
"10110205","1","1","FEELNATURAL-PLANE","プロテイン ホエイ 女性 無添加 50代 40代 グラスフェッド ダイエット 安い まとめ買い 自然 美容 シェイカー FIX IT feel natural plane 1kg","","","4280","0","4280","0"
"10110204","1","1","l0910","スマホホルダー 車 車載ホルダー iphone 13 吸盤 車載 スマホ ホルダー スタンド カーマウント スマホスタンド 車用携帯ホルダー SmartTap スマートタップ","","","2240","0","2240","0"
"10110203","1","1","AQ22L","ICEBERG 車載冷蔵庫 22L ポータブル冷蔵庫 冷温庫 車中泊 車載 ポータブル ペルチェ式 保冷庫 保冷 保温 キャンプ 防災 AC DC 電源式","カラー","レッド","19800","0","19800","0"
"10110202","1","1","l0822","ソーラーパネル ソーラー 太陽光 折りたたみ 折り畳み ソーラーパネル充電器 折り畳み ソーラー充電器 ソーラー充電 蓄電池 PowerArQ Solar 120W","サイズ;ソーラーパネル単品販売ページです。","折りたたみ　-　MC4;了承済み","22350","0","22350","0"
"10110201","1","1","makebalance-plane","プロテイン ソイ 大豆  プレーン 人工甘味料不使用 無添加 1kg たんぱく質含有量85％以上 FIXIT MAKE BALANCE ダイエット 女性 にも","","","3580","0","3580","0"
"10110200","1","1","null-bodywash","薬用 ボディーソープ メンズ  NULL ( 背中ニキビ を 防ぎ 体臭 加齢臭を抑える ) デオドラント 男性用 ボディソープ マリンシトラスの香り","","","3036","0","3036","0"
"10110199","1","1","null-perfume-cream","練り香水 メンズ 男性 香水 NULL パフュームクリーム","","","3036","0","3036","0"
"10110199","2","1","null-deodrant3","デオドラント ゲル メンズ 薬用 (わきが 加齢臭 足の臭い 対策) 消臭 NULL","","","2017","0","2017","0"
"10110198","1","1","DD-EFK-5D","【期間限定10%off】 非常食セット 5日分 非常食 長期保存 食品 防災 父の日","※賞味期限;※複数ご購入の場合は別々に到着する事があります。","2027年3月以降;了承しました。","13320","0","13320","0"
"10110197","1","1","l0910","スマホホルダー 車 車載ホルダー iphone 13 吸盤 車載 スマホ ホルダー スタンド カーマウント スマホスタンド 車用携帯ホルダー SmartTap スマートタップ","","","2240","0","2240","0"
"10110196","1","1","FELLNATURAL","プロテイン ホエイ 女性 無添加 50代 40代 グラスフェッド ダイエット 安い まとめ買い 自然 美容 シェイカー FIX IT feel natural 1kg","フレーバー","ココア","4780","0","4780","0"
"10110195","1","1","l0910","スマホホルダー 車 車載ホルダー iphone 13 吸盤 車載 スマホ ホルダー スタンド カーマウント スマホスタンド 車用携帯ホルダー SmartTap スマートタップ","","","2240","0","2240","0"
"10110194","1","2","think-simple-wpc","プロテイン ホエイ 女性 WPC ダイエット シェイカー 無添加 50代 安い まとめ買い 美容   FIX IT THINK SIMPLE 1kg","","","3080","0","6160","0"
"10110193","1","1","null-sunscreen","ウォータープルーフ メンズ NULL 日焼け止め (特殊技術で 汗/水 に強い)SPF50+ PA++++ (顔＆からだ用) ロングUVA対応 40g (白くならない/クレンジング不要)","","","2017","0","2017","0"
"10110192","1","1","AC30","ポータブル電源 リン酸鉄リチウムバッテリー  車中泊 大容量 正弦波 蓄電池 ポータブル 電源 ポータブルバッテリー 停電 防災 PowerArQ mini 2 300Wh","カラー","コヨーテタン","36300","0","36300","0"
"10110191","1","1","AC30","ポータブル電源 リン酸鉄リチウムバッテリー  車中泊 大容量 正弦波 蓄電池 ポータブル 電源 ポータブルバッテリー 停電 防災 PowerArQ mini 2 300Wh","カラー","コヨーテタン","36300","0","36300","0"
"10110190","1","1","makebalance-plane","プロテイン ソイ 大豆  プレーン 人工甘味料不使用 無添加 1kg たんぱく質含有量85％以上 FIXIT MAKE BALANCE ダイエット 女性 にも","","","3580","0","3580","0"
"10110188","1","1","HTE060","ポータブル電源 大容量 車中泊 正弦波 蓄電池 ポータブル 電源 家庭用 キャンプ ポータブルバッテリー 蓄電池 防災 停電 PowerArQ Pro 1000Wh","カラー","コヨーテタン","99000","0","99000","0"
"10110187","1","1","l0910","スマホホルダー 車 車載ホルダー iphone 13 吸盤 車載 スマホ ホルダー スタンド カーマウント スマホスタンド 車用携帯ホルダー SmartTap スマートタップ","","","2240","0","2240","0"
"10110186","1","1","null-handcream-01","【女性にもおすすめ】 ハンドクリーム メンズ NULL ヌル 薬用ハンドクリーム サラッとした はんどくりーむ 【 手荒れ 肌荒れ 対策 × 美白 ケア 】","メール便を選択で","送料無料","2200","0","2200","0"
"10110185","1","1","HTE060","ポータブル電源 大容量 車中泊 正弦波 蓄電池 ポータブル 電源 家庭用 キャンプ ポータブルバッテリー 蓄電池 防災 停電 PowerArQ Pro 1000Wh","カラー","オリーブドラブ","99000","0","99000","0"
"10110184","1","7","think-simple-wpc","プロテイン ホエイ 女性 WPC ダイエット シェイカー 無添加 50代 安い まとめ買い 美容   FIX IT THINK SIMPLE 1kg","","","3080","0","21560","0"
"10110183","1","1","fafra-og-bodycream","【コスモスオーガニック認証】fafra オーガニック ボディクリーム フェイスクリーム 無添加 高保湿 天然由来成分 100% シアバター 日本製 いい香り ファフラ","","","2970","0","2970","0"
"10110182","1","1","l0910","スマホホルダー 車 車載ホルダー iphone 13 吸盤 車載 スマホ ホルダー スタンド カーマウント スマホスタンド 車用携帯ホルダー SmartTap スマートタップ","","","2240","0","2240","0"
"10110181","1","1","makebalance","プロテイン ソイ 大豆 1kg たんぱく質含有量80％以上 FIXIT MAKE BALANCE  ダイエット 女性 にも","フレーバー","抹茶","3880","0","3880","0"
"10110180","1","1","HTE032","ポータブル電源 車中泊 大容量 正弦波 蓄電池 ポータブル 電源 家庭用 太陽光 キャンプ 電気毛布 ポータブルバッテリー 家庭用蓄電池 PowerArQ mini 346Wh","カラー","コヨーテタン","27280","0","27280","0"
"10110179","1","2","null-remover-n","除毛クリーム メンズ VIO NULL ヌル 脱毛クリーム 剛毛 脱毛 除毛 除毛剤 ヒカキンさん購入で注文殺到中！","","","2979","0","5958","0"
"10110178","1","1","l0910","スマホホルダー 車 車載ホルダー iphone 13 吸盤 車載 スマホ ホルダー スタンド カーマウント スマホスタンド 車用携帯ホルダー SmartTap スマートタップ","","","2240","0","2240","0"
"10110177","1","2","DD-EFK-7D","非常食セット 7日分 非常食 長期保存 備蓄 保存食 栄養士と防災士監修 備蓄 防災セット 食品 防災 防災グッズ Defend 父の日","賞味期限：;※複数ご購入の場合は別々に到着する事があります。","2027年3月以降;了承しました。","19800","0","39600","0"
"10110176","1","1","makebalance","プロテイン ソイ 大豆 1kg たんぱく質含有量80％以上 FIXIT MAKE BALANCE  ダイエット 女性 にも","フレーバー","ココア","3880","0","3880","0"
"10110175","1","1","FELLNATURAL","プロテイン ホエイ 女性 無添加 50代 40代 グラスフェッド ダイエット 安い まとめ買い 自然 美容 シェイカー FIX IT feel natural 1kg","フレーバー","ココア","4780","0","4780","0"
"10110174","1","1","fixit-shaker-mb-aw","【追加用】プロテイン シェイカー 300ml シェーカー 【単品購入不可】FIXITソイプロテイン対象商品と同時購入の場合のみ、購入可能な商品です。","","","550","0","550","0"
"10110174","2","1","makebalance","プロテイン ソイ 大豆 1kg たんぱく質含有量80％以上 FIXIT MAKE BALANCE  ダイエット 女性 にも","フレーバー","ココア","3880","0","3880","0"
"10110173","1","3","null-bodywash-re","お得な詰め替え用 薬用 ボディーソープ メンズ  NULL ( 背中ニキビ を 防ぎ 体臭 加齢臭を抑える ) デオドラント 男性用 詰替 簡単便利なキャップ式","","","2420","0","7260","0"
"10110172","1","1","l0841","GearBox for PowerArQ3 ショルダ ー付き ポータブル電源 収納バッ グ 保護ケース 耐衝撃 収納 バッグ ケース","","","6240","0","6240","0"
"10110171","1","4","FELLNATURAL","プロテイン ホエイ 女性 無添加 50代 40代 グラスフェッド ダイエット 安い まとめ買い 自然 美容 シェイカー FIX IT feel natural 1kg","フレーバー","ココア","4780","0","19120","0"
"10110170","1","1","AC50","ポータブル電源 車中泊 大容量 正弦波 蓄電池 ポータブル 電源 家庭用 キャンプ リチウム ポータブルバッテリー 停電 防災 PowerArQ 2 500Wh","カラー","コヨーテタン","44850","0","44850","0"
"10110169","1","1","l0914","スマホホルダー 車 車載ホルダー iphone13 吸盤 車載 スマホ ホルダー スタンド カーマウント スマホスタンド 車用携帯ホルダー SmartTap スマートタップ","","","2680","0","2680","0"
"10110168","1","1","l0910","スマホホルダー 車 車載ホルダー iphone 13 吸盤 車載 スマホ ホルダー スタンド カーマウント スマホスタンド 車用携帯ホルダー SmartTap スマートタップ","","","2240","0","2240","0"
"10110167","1","1","l0910","スマホホルダー 車 車載ホルダー iphone 13 吸盤 車載 スマホ ホルダー スタンド カーマウント スマホスタンド 車用携帯ホルダー SmartTap スマートタップ","","","2240","0","2240","0"
"10110166","1","2","makebalance","プロテイン ソイ 大豆 1kg たんぱく質含有量80％以上 FIXIT MAKE BALANCE  ダイエット 女性 にも","フレーバー","ココア","3880","0","7760","0"
"10110165","1","1","makebalance","プロテイン ソイ 大豆 1kg たんぱく質含有量80％以上 FIXIT MAKE BALANCE  ダイエット 女性 にも","フレーバー","ココア","3880","0","3880","0"
"10110164","1","1","think-simple-wpc","プロテイン ホエイ 女性 WPC ダイエット シェイカー 無添加 50代 安い まとめ買い 美容   FIX IT THINK SIMPLE 1kg","","","3080","0","3080","0"
"10110163","1","1","l0910","スマホホルダー 車 車載ホルダー iphone 13 吸盤 車載 スマホ ホルダー スタンド カーマウント スマホスタンド 車用携帯ホルダー SmartTap スマートタップ","","","2240","0","2240","0"
"10110162","1","1","null-sunscreen","ウォータープルーフ メンズ NULL 日焼け止め (特殊技術で 汗/水 に強い)SPF50+ PA++++ (顔＆からだ用) ロングUVA対応 40g (白くならない/クレンジング不要)","","","2017","0","2017","0"
"10110161","1","1","l0910","スマホホルダー 車 車載ホルダー iphone 13 吸盤 車載 スマホ ホルダー スタンド カーマウント スマホスタンド 車用携帯ホルダー SmartTap スマートタップ","","","2240","0","2240","0"
"10110160","1","2","null-deodrant3","デオドラント ゲル メンズ 薬用 (わきが 加齢臭 足の臭い 対策) 消臭 NULL","","","2017","0","4034","0"
"10110159","1","1","null-sunscreen","ウォータープルーフ メンズ NULL 日焼け止め (特殊技術で 汗/水 に強い)SPF50+ PA++++ (顔＆からだ用) ロングUVA対応 40g (白くならない/クレンジング不要)","","","2017","0","2017","0"
"10110158","1","1","makebalance","プロテイン ソイ 大豆 1kg たんぱく質含有量80％以上 FIXIT MAKE BALANCE  ダイエット 女性 にも","フレーバー","抹茶","3880","0","3880","0"
"10110157","1","1","l0910","スマホホルダー 車 車載ホルダー iphone 13 吸盤 車載 スマホ ホルダー スタンド カーマウント スマホスタンド 車用携帯ホルダー SmartTap スマートタップ","","","2240","0","2240","0"
"10110156","1","1","FELLNATURAL","プロテイン ホエイ 女性 無添加 50代 40代 グラスフェッド ダイエット 安い まとめ買い 自然 美容 シェイカー FIX IT feel natural 1kg","フレーバー","ココア","4780","0","4780","0"
"10110155","1","1","l0910","スマホホルダー 車 車載ホルダー iphone 13 吸盤 車載 スマホ ホルダー スタンド カーマウント スマホスタンド 車用携帯ホルダー SmartTap スマートタップ","","","2240","0","2240","0"
"10110154","1","2","DAILYBASIC","プロテイン ホエイ 女性 1kg 50代 40代 ダイエット FIXIT DAILY BASIC シェイカー","フレーバー","ストロベリー","3480","0","6960","0"
"10110153","1","1","null-remover-n","除毛クリーム メンズ VIO NULL ヌル 脱毛クリーム 剛毛 脱毛 除毛 除毛剤 ヒカキンさん購入で注文殺到中！","","","2979","0","2979","0"
"10110152","1","1","bousai-set2p-b","防災セット 2人用 防災グッズ 防災 防災用品 防災グッズセット リュック 非常用持ち出し 厳選71点 5年保証 Defend Future Relief 2人用","種類;賞味期限;※使用期限(ボディタオルなど);※商品パッケージはページと異なる場合があります。;※複数ご購入の場合は別々に到着する事があります。","DD-EK02RLF2;2027年3月以降;4年以上;了承しました。;了承しました。","19800","0","19800","0"
"10110151","1","1","AC30","ポータブル電源 リン酸鉄リチウムバッテリー  車中泊 大容量 正弦波 蓄電池 ポータブル 電源 ポータブルバッテリー 停電 防災 PowerArQ mini 2 300Wh","カラー","コヨーテタン","36300","0","36300","0"
"10110150","1","1","DAILYBASIC","プロテイン ホエイ 女性 1kg 50代 40代 ダイエット FIXIT DAILY BASIC シェイカー","フレーバー","バニラ","3480","0","3480","0"
"10110150","2","1","DAILYBASIC","プロテイン ホエイ 女性 1kg 50代 40代 ダイエット FIXIT DAILY BASIC シェイカー","フレーバー","コーヒー","3480","0","3480","0"
"10110149","1","1","l0840","GearBox for PowerArQ2 ショルダー付き ポータブル電源 収納バッグ 保護ケース 耐衝撃 収納 バッグ ケース","","","5940","0","5940","0"
"10110148","1","1","null-sunscreen","ウォータープルーフ メンズ NULL 日焼け止め (特殊技術で 汗/水 に強い)SPF50+ PA++++ (顔＆からだ用) ロングUVA対応 40g (白くならない/クレンジング不要)","","","2017","0","2017","0"
"10110147","1","1","think-simple-wpc","プロテイン ホエイ 女性 WPC ダイエット シェイカー 無添加 50代 安い まとめ買い 美容   FIX IT THINK SIMPLE 1kg","","","3080","0","3080","0"
"10110146","1","1","makebalance","プロテイン ソイ 大豆 1kg たんぱく質含有量80％以上 FIXIT MAKE BALANCE  ダイエット 女性 にも","フレーバー","ココア","3880","0","3880","0"
"10110145","1","1","makebalance","プロテイン ソイ 大豆 1kg たんぱく質含有量80％以上 FIXIT MAKE BALANCE  ダイエット 女性 にも","フレーバー","ココア","3880","0","3880","0"
"10110144","1","1","l0910","スマホホルダー 車 車載ホルダー iphone 13 吸盤 車載 スマホ ホルダー スタンド カーマウント スマホスタンド 車用携帯ホルダー SmartTap スマートタップ","","","2240","0","2240","0"
"10110143","1","1","makebalance","プロテイン ソイ 大豆 1kg たんぱく質含有量80％以上 FIXIT MAKE BALANCE  ダイエット 女性 にも","フレーバー","抹茶","3880","0","3880","0"
"10110142","1","1","DAILYBASIC","プロテイン ホエイ 女性 1kg 50代 40代 ダイエット FIXIT DAILY BASIC シェイカー","フレーバー","フルーツミックス","3480","0","3480","0"
"10110141","1","1","fixit-shaker-mb-aw","【追加用】プロテイン シェイカー 300ml シェーカー 【単品購入不可】FIXITソイプロテイン対象商品と同時購入の場合のみ、購入可能な商品です。","","","550","0","550","0"
"10110141","2","3","think-simple-wpc","プロテイン ホエイ 女性 WPC ダイエット シェイカー 無添加 50代 安い まとめ買い 美容   FIX IT THINK SIMPLE 1kg","","","3080","0","9240","0"
"10110140","1","1","FEELNATURAL-PLANE","プロテイン ホエイ 女性 無添加 50代 40代 グラスフェッド ダイエット 安い まとめ買い 自然 美容 シェイカー FIX IT feel natural plane 1kg","","","4280","0","4280","0"
"10110139","1","1","think-simple-wpc","プロテイン ホエイ 女性 WPC ダイエット シェイカー 無添加 50代 安い まとめ買い 美容   FIX IT THINK SIMPLE 1kg","","","3080","0","3080","0"
"10110138","1","3","think-simple-wpc","プロテイン ホエイ 女性 WPC ダイエット シェイカー 無添加 50代 安い まとめ買い 美容   FIX IT THINK SIMPLE 1kg","","","3080","0","9240","0"
"10110137","1","1","makebalance","プロテイン ソイ 大豆 1kg たんぱく質含有量80％以上 FIXIT MAKE BALANCE  ダイエット 女性 にも","フレーバー","抹茶","3880","0","3880","0"
"10110136","1","1","FEELNATURAL-PLANE","プロテイン ホエイ 女性 無添加 50代 40代 グラスフェッド ダイエット 安い まとめ買い 自然 美容 シェイカー FIX IT feel natural plane 1kg","","","4280","0","4280","0"
"10110135","1","1","AQ22L","ICEBERG 車載冷蔵庫 22L ポータブル冷蔵庫 冷温庫 車中泊 車載 ポータブル ペルチェ式 保冷庫 保冷 保温 キャンプ 防災 AC DC 電源式","カラー","レッド","19800","0","19800","0"
"10110134","1","1","bousai-set2p-b","防災セット 2人用 防災グッズ 防災 防災用品 防災グッズセット リュック 非常用持ち出し 厳選71点 5年保証 Defend Future Relief 2人用","種類;賞味期限;※使用期限(ボディタオルなど);※商品パッケージはページと異なる場合があります。;※複数ご購入の場合は別々に到着する事があります。","DD-EK02RLF2;2027年3月以降;4年以上;了承しました。;了承しました。","19800","0","19800","0"
"10110133","1","2","makebalance-plane","プロテイン ソイ 大豆  プレーン 人工甘味料不使用 無添加 1kg たんぱく質含有量85％以上 FIXIT MAKE BALANCE ダイエット 女性 にも","","","3580","0","7160","0"
"10110132","1","3","think-simple-wpc","プロテイン ホエイ 女性 WPC ダイエット シェイカー 無添加 50代 安い まとめ買い 美容   FIX IT THINK SIMPLE 1kg","","","3080","0","9240","0"
"10110131","1","1","PA50","ポータブル電源 大容量 車中泊 正弦波 蓄電池 ポータブル 電源 家庭用 キャンプ ポータブルバッテリー 停電 防災 PowerArQ 3 555Wh","カラー","チャコール","59850","0","59850","0"
"10110130","1","1","l0910","スマホホルダー 車 車載ホルダー iphone 13 吸盤 車載 スマホ ホルダー スタンド カーマウント スマホスタンド 車用携帯ホルダー SmartTap スマートタップ","","","2240","0","2240","0"
"10110129","1","1","null-remover-n","除毛クリーム メンズ VIO NULL ヌル 脱毛クリーム 剛毛 脱毛 除毛 除毛剤 ヒカキンさん購入で注文殺到中！","","","2979","0","2979","0"
"10110128","1","1","null-roland-bb","BBクリーム メンズ Rolandale × NULL (現代ホスト界の帝王ローランド 氏プロデュース) ニキビ ニキビ跡 クマ シミ をメーキャップ効果で自然に隠す","カラー","BASIC","3498","0","3498","0"
"10110127","1","1","null-bodywash","薬用 ボディーソープ メンズ  NULL ( 背中ニキビ を 防ぎ 体臭 加齢臭を抑える ) デオドラント 男性用 ボディソープ マリンシトラスの香り","","","3036","0","3036","0"
"10110126","1","1","l0822","ソーラーパネル ソーラー 太陽光 折りたたみ 折り畳み ソーラーパネル充電器 折り畳み ソーラー充電器 ソーラー充電 蓄電池 PowerArQ Solar 120W","サイズ;ソーラーパネル単品販売ページです。","折りたたみ　-　MC4;了承済み","22350","0","22350","0"
"10110125","1","1","l0841","GearBox for PowerArQ3 ショルダ ー付き ポータブル電源 収納バッ グ 保護ケース 耐衝撃 収納 バッグ ケース","","","6240","0","6240","0"
"10110124","1","1","l0910","スマホホルダー 車 車載ホルダー iphone 13 吸盤 車載 スマホ ホルダー スタンド カーマウント スマホスタンド 車用携帯ホルダー SmartTap スマートタップ","","","2240","0","2240","0"
"10110123","1","1","FEELNATURAL-PLANE","プロテイン ホエイ 女性 無添加 50代 40代 グラスフェッド ダイエット 安い まとめ買い 自然 美容 シェイカー FIX IT feel natural plane 1kg","","","4280","0","4280","0"
"10110122","1","2","null-deodrant3","デオドラント ゲル メンズ 薬用 (わきが 加齢臭 足の臭い 対策) 消臭 NULL","","","2017","0","4034","0"
"10110121","1","1","l0910","スマホホルダー 車 車載ホルダー iphone 13 吸盤 車載 スマホ ホルダー スタンド カーマウント スマホスタンド 車用携帯ホルダー SmartTap スマートタップ","","","2240","0","2240","0"
"10110120","1","1","nalc-facewash","有効成分 泥 酵素 泥洗顔 酵素洗顔【NALC 薬用ホワイトクレイ酵素配合洗顔フォーム】 無添加 濃密泡 角質 黒ずみ エイジングケア 天然由来保湿成分 美容液成分","","","2310","0","2310","0"
"10110119","1","1","makebalance","プロテイン ソイ 大豆 1kg たんぱく質含有量80％以上 FIXIT MAKE BALANCE  ダイエット 女性 にも","フレーバー","ココア","3880","0","3880","0"
"10110118","1","1","l0910","スマホホルダー 車 車載ホルダー iphone 13 吸盤 車載 スマホ ホルダー スタンド カーマウント スマホスタンド 車用携帯ホルダー SmartTap スマートタップ","","","2240","0","2240","0"
"10110117","1","1","l0910","スマホホルダー 車 車載ホルダー iphone 13 吸盤 車載 スマホ ホルダー スタンド カーマウント スマホスタンド 車用携帯ホルダー SmartTap スマートタップ","","","2240","0","2240","0"
"10110116","1","1","DAILYBASIC","プロテイン ホエイ 女性 1kg 50代 40代 ダイエット FIXIT DAILY BASIC シェイカー","フレーバー","コーヒー","3480","0","3480","0"
"10110115","1","1","makebalance-plane","プロテイン ソイ 大豆  プレーン 人工甘味料不使用 無添加 1kg たんぱく質含有量85％以上 FIXIT MAKE BALANCE ダイエット 女性 にも","","","3580","0","3580","0"
"10110114","1","5","DD-EFK-7D","非常食セット 7日分 非常食 長期保存 備蓄 保存食 栄養士と防災士監修 備蓄 防災セット 食品 防災 防災グッズ Defend 父の日","賞味期限：;※複数ご購入の場合は別々に到着する事があります。","2027年3月以降;了承しました。","19800","0","99000","0"
"10110113","1","1","l0910","スマホホルダー 車 車載ホルダー iphone 13 吸盤 車載 スマホ ホルダー スタンド カーマウント スマホスタンド 車用携帯ホルダー SmartTap スマートタップ","","","2240","0","2240","0"
"10110112","1","1","l0910","スマホホルダー 車 車載ホルダー iphone 13 吸盤 車載 スマホ ホルダー スタンド カーマウント スマホスタンド 車用携帯ホルダー SmartTap スマートタップ","","","2240","0","2240","0"
"10110111","1","1","l0910","スマホホルダー 車 車載ホルダー iphone 13 吸盤 車載 スマホ ホルダー スタンド カーマウント スマホスタンド 車用携帯ホルダー SmartTap スマートタップ","","","2240","0","2240","0"
"10110110","1","3","null-sunscreen","ウォータープルーフ メンズ NULL 日焼け止め (特殊技術で 汗/水 に強い)SPF50+ PA++++ (顔＆からだ用) ロングUVA対応 40g (白くならない/クレンジング不要)","","","2017","0","6051","0"
"10110109","1","1","fixit-shaker-mb-aw","【追加用】プロテイン シェイカー 300ml シェーカー 【単品購入不可】FIXITソイプロテイン対象商品と同時購入の場合のみ、購入可能な商品です。","","","550","0","550","0"
"10110109","2","1","makebalance","プロテイン ソイ 大豆 1kg たんぱく質含有量80％以上 FIXIT MAKE BALANCE  ダイエット 女性 にも","フレーバー","ココア","3880","0","3880","0"
"10110108","1","1","DAILYBASIC","プロテイン ホエイ 女性 1kg 50代 40代 ダイエット FIXIT DAILY BASIC シェイカー","フレーバー","コーヒー","3480","0","3480","0"
"10110107","1","1","AQ25L","ポータブル冷蔵庫 ICEBERG2 車載冷蔵庫 小型 冷蔵庫 ミニ冷蔵庫 25L PowerArQ パワーアーク","カラー","オリーブドラブ","34100","0","34100","0"
"10110106","1","1","l0910","スマホホルダー 車 車載ホルダー iphone 13 吸盤 車載 スマホ ホルダー スタンド カーマウント スマホスタンド 車用携帯ホルダー SmartTap スマートタップ","","","2240","0","2240","0"
"10110105","1","1","l0910","スマホホルダー 車 車載ホルダー iphone 13 吸盤 車載 スマホ ホルダー スタンド カーマウント スマホスタンド 車用携帯ホルダー SmartTap スマートタップ","","","2240","0","2240","0"
"10110104","1","1","l0910","スマホホルダー 車 車載ホルダー iphone 13 吸盤 車載 スマホ ホルダー スタンド カーマウント スマホスタンド 車用携帯ホルダー SmartTap スマートタップ","","","2240","0","2240","0"
"10110103","1","1","l0914","スマホホルダー 車 車載ホルダー iphone13 吸盤 車載 スマホ ホルダー スタンド カーマウント スマホスタンド 車用携帯ホルダー SmartTap スマートタップ","","","2680","0","2680","0"
"10110102","1","1","PA50","ポータブル電源 大容量 車中泊 正弦波 蓄電池 ポータブル 電源 家庭用 キャンプ ポータブルバッテリー 停電 防災 PowerArQ 3 555Wh","カラー","チャコール","59850","0","59850","0"
"10110101","1","1","l0910","スマホホルダー 車 車載ホルダー iphone 13 吸盤 車載 スマホ ホルダー スタンド カーマウント スマホスタンド 車用携帯ホルダー SmartTap スマートタップ","","","2240","0","2240","0"
"10110100","1","1","FEELNATURAL-PLANE","プロテイン ホエイ 女性 無添加 50代 40代 グラスフェッド ダイエット 安い まとめ買い 自然 美容 シェイカー FIX IT feel natural plane 1kg","","","4280","0","4280","0"
"10110099","1","1","HTE060","ポータブル電源 大容量 車中泊 正弦波 蓄電池 ポータブル 電源 家庭用 キャンプ ポータブルバッテリー 蓄電池 防災 停電 PowerArQ Pro 1000Wh","カラー","コヨーテタン","99000","0","99000","0"
"10110098","1","1","fixit-shaker-mb-aw","【追加用】プロテイン シェイカー 300ml シェーカー 【単品購入不可】FIXITソイプロテイン対象商品と同時購入の場合のみ、購入可能な商品です。","","","550","0","550","0"
"10110098","2","1","makebalance","プロテイン ソイ 大豆 1kg たんぱく質含有量80％以上 FIXIT MAKE BALANCE  ダイエット 女性 にも","フレーバー","抹茶","3880","0","3880","0"
"10110097","1","1","null-remover-n","除毛クリーム メンズ VIO NULL ヌル 脱毛クリーム 剛毛 脱毛 除毛 除毛剤 ヒカキンさん購入で注文殺到中！","","","2979","0","2979","0"
"10110096","1","1","PA50","ポータブル電源 大容量 車中泊 正弦波 蓄電池 ポータブル 電源 家庭用 キャンプ ポータブルバッテリー 停電 防災 PowerArQ 3 555Wh","カラー","チャコール","59850","0","59850","0"
"10110095","1","1","null-sunscreen","ウォータープルーフ メンズ NULL 日焼け止め (特殊技術で 汗/水 に強い)SPF50+ PA++++ (顔＆からだ用) ロングUVA対応 40g (白くならない/クレンジング不要)","","","2017","0","2017","0"
"10110094","1","1","nalc-handcream","ハンドクリーム NALC ナルク 手荒れ を防ぐ 乾燥 に負けない 薬用 ヘパリン ハンドクリームヘパリン類似物質 配合 医薬部外品","","","2017","0","2017","0"
"10110093","1","1","fixit-shaker-mb-aw","【追加用】プロテイン シェイカー 300ml シェーカー 【単品購入不可】FIXITソイプロテイン対象商品と同時購入の場合のみ、購入可能な商品です。","","","550","0","550","0"
"10110093","2","1","null-sunscreen","ウォータープルーフ メンズ NULL 日焼け止め (特殊技術で 汗/水 に強い)SPF50+ PA++++ (顔＆からだ用) ロングUVA対応 40g (白くならない/クレンジング不要)","","","2017","0","2017","0"
"10110093","3","1","makebalance-plane","プロテイン ソイ 大豆  プレーン 人工甘味料不使用 無添加 1kg たんぱく質含有量85％以上 FIXIT MAKE BALANCE ダイエット 女性 にも","","","3580","0","3580","0"
"10110092","1","1","AC50","ポータブル電源 車中泊 大容量 正弦波 蓄電池 ポータブル 電源 家庭用 キャンプ リチウム ポータブルバッテリー 停電 防災 PowerArQ 2 500Wh","カラー","ジェットブラック","44850","0","44850","0"
"10110091","1","1","null-roland-bb","BBクリーム メンズ Rolandale × NULL (現代ホスト界の帝王ローランド 氏プロデュース) ニキビ ニキビ跡 クマ シミ をメーキャップ効果で自然に隠す","カラー","BASIC","3498","0","3498","0"
"10110090","1","1","l0910","スマホホルダー 車 車載ホルダー iphone 13 吸盤 車載 スマホ ホルダー スタンド カーマウント スマホスタンド 車用携帯ホルダー SmartTap スマートタップ","","","2240","0","2240","0"
"10110089","1","1","AQ25L","ポータブル冷蔵庫 ICEBERG2 車載冷蔵庫 小型 冷蔵庫 ミニ冷蔵庫 25L PowerArQ パワーアーク","カラー","コヨーテタン","34100","0","34100","0"
"10110088","1","1","PA50","ポータブル電源 大容量 車中泊 正弦波 蓄電池 ポータブル 電源 家庭用 キャンプ ポータブルバッテリー 停電 防災 PowerArQ 3 555Wh","カラー","レッド","59850","0","59850","0"
"10110087","1","1","l0914","スマホホルダー 車 車載ホルダー iphone13 吸盤 車載 スマホ ホルダー スタンド カーマウント スマホスタンド 車用携帯ホルダー SmartTap スマートタップ","","","2680","0","2680","0"
"10110085","1","1","DD-EK01RLF","防災セット 1人用 防災グッズ 防災 防災グッズセット 厳選39点 5年保証 父の日","種類;賞味期限;※使用期限(ボディタオルなど);※商品パッケージはページと異なる場合があります。;※複数ご購入の場合は別々に到着する事があります。","DD-EK01RLF2;2027年3月以降;4年以上;了承しました。;了承しました。","13800","0","13800","0"
"10110084","1","3","null-sunscreen","ウォータープルーフ メンズ NULL 日焼け止め (特殊技術で 汗/水 に強い)SPF50+ PA++++ (顔＆からだ用) ロングUVA対応 40g (白くならない/クレンジング不要)","","","2017","0","6051","0"
"10110083","1","1","l0910","スマホホルダー 車 車載ホルダー iphone 13 吸盤 車載 スマホ ホルダー スタンド カーマウント スマホスタンド 車用携帯ホルダー SmartTap スマートタップ","","","2240","0","2240","0"
"10110082","1","1","makebalance","プロテイン ソイ 大豆 1kg たんぱく質含有量80％以上 FIXIT MAKE BALANCE  ダイエット 女性 にも","フレーバー","抹茶","3880","0","3880","0"
"10110081","1","1","l0910","スマホホルダー 車 車載ホルダー iphone 13 吸盤 車載 スマホ ホルダー スタンド カーマウント スマホスタンド 車用携帯ホルダー SmartTap スマートタップ","","","2240","0","2240","0"
"10110080","1","1","DAILYBASIC","プロテイン ホエイ 女性 1kg 50代 40代 ダイエット FIXIT DAILY BASIC シェイカー","フレーバー","ストロベリー","3480","0","3480","0"
"10110079","1","1","null-remover-n","除毛クリーム メンズ VIO NULL ヌル 脱毛クリーム 剛毛 脱毛 除毛 除毛剤 ヒカキンさん購入で注文殺到中！","","","2979","0","2979","0"
"10110077","1","1","null-shoepowder","【靴 消臭 粉】NULL シューパウダー 気になる靴の臭いに ( 消臭 パウダー で 足 靴 臭いの原因を除菌 ) 靴の消臭 足の臭い 対策 メンズ 革靴 無香料","","","2200","0","2200","0"
"10110076","1","1","null-bbcream","BBクリーム コンシーラー ファンデーション 男性用 メンズ 日本製 青ひげ シミ クマを隠す NULL","メール便を選択で","送料無料","1915","0","1915","0"
"10110075","1","1","DD-EFK-5D","非常食セット 5日分 非常食 長期保存 食品 防災 父の日","※賞味期限;※複数ご購入の場合は別々に到着する事があります。","2027年3月以降;了承しました。","14800","0","14800","0"
"10110074","1","1","think-simple-wpc","プロテイン ホエイ 女性 WPC ダイエット シェイカー 無添加 50代 安い まとめ買い 美容   FIX IT THINK SIMPLE 1kg","","","3080","0","3080","0"
"10110072","1","1","null-perfume-cream","練り香水 メンズ 男性 香水 NULL パフュームクリーム","","","3036","0","3036","0"
"10110071","1","1","DD-EFK-7D","非常食セット 7日分 非常食 長期保存 備蓄 保存食 栄養士と防災士監修 備蓄 防災セット 食品 防災 防災グッズ Defend 父の日","賞味期限：;※複数ご購入の場合は別々に到着する事があります。","2027年3月以降;了承しました。","19800","0","19800","0"
"10110070","1","1","null-sunscreen","ウォータープルーフ メンズ NULL 日焼け止め (特殊技術で 汗/水 に強い)SPF50+ PA++++ (顔＆からだ用) ロングUVA対応 40g (白くならない/クレンジング不要)","","","2017","0","2017","0"
"10110069","1","1","nalc-sunscreen","日焼け止め メンズ レディース NALC ナルク ウォータープルーフ SPF50+ PA++++ 顔 ＆ 全身 用 ひやけどめ ノビが良い 化粧下地にも スポーツ 海","","","2729","0","2729","0"
"10110068","1","1","null-perfume-cream","練り香水 メンズ 男性 香水 NULL パフュームクリーム","","","3036","0","3036","0"
"10110067","1","1","l0910","スマホホルダー 車 車載ホルダー iphone 13 吸盤 車載 スマホ ホルダー スタンド カーマウント スマホスタンド 車用携帯ホルダー SmartTap スマートタップ","","","2490","0","2490","0"
"10110066","1","1","l0910","スマホホルダー 車 車載ホルダー iphone 13 吸盤 車載 スマホ ホルダー スタンド カーマウント スマホスタンド 車用携帯ホルダー SmartTap スマートタップ","","","2490","0","2490","0"
"10110065","1","3","think-simple-wpc","プロテイン ホエイ 女性 WPC ダイエット シェイカー 無添加 50代 安い まとめ買い 美容   FIX IT THINK SIMPLE 1kg","","","3080","0","9240","0"
"10110064","1","1","null-remover-n","除毛クリーム メンズ VIO NULL ヌル 脱毛クリーム 剛毛 脱毛 除毛 除毛剤 ヒカキンさん購入で注文殺到中！","","","2979","0","2979","0"
"10110063","1","1","FEELNATURAL-PLANE","プロテイン ホエイ 女性 無添加 50代 40代 グラスフェッド ダイエット 安い まとめ買い 自然 美容 シェイカー FIX IT feel natural plane 1kg","","","4280","0","4280","0"
"10110062","1","1","AQ25L","ポータブル冷蔵庫 ICEBERG2 車載冷蔵庫 小型 冷蔵庫 ミニ冷蔵庫 25L PowerArQ パワーアーク","カラー","レッド","23870","0","23870","0"
"10110061","1","1","null-bodywash-re","お得な詰め替え用 薬用 ボディーソープ メンズ  NULL ( 背中ニキビ を 防ぎ 体臭 加齢臭を抑える ) デオドラント 男性用 詰替 簡単便利なキャップ式","","","2420","0","2420","0"
"10110060","1","1","null-bodywash","薬用 ボディーソープ メンズ  NULL ( 背中ニキビ を 防ぎ 体臭 加齢臭を抑える ) デオドラント 男性用 ボディソープ マリンシトラスの香り","","","3036","0","3036","0"
"10110059","1","1","AQ25L","ポータブル冷蔵庫 ICEBERG2 車載冷蔵庫 小型 冷蔵庫 ミニ冷蔵庫 25L PowerArQ パワーアーク","カラー","チャコール","23870","0","23870","0"
"10110058","1","1","l0910","スマホホルダー 車 車載ホルダー iphone 13 吸盤 車載 スマホ ホルダー スタンド カーマウント スマホスタンド 車用携帯ホルダー SmartTap スマートタップ","","","2490","0","2490","0"
"10110057","1","1","DAILYBASIC","プロテイン ホエイ 女性 1kg 50代 40代 ダイエット FIXIT DAILY BASIC シェイカー","フレーバー","ストロベリー","3480","0","3480","0"
"10110056","1","1","l0910","スマホホルダー 車 車載ホルダー iphone 13 吸盤 車載 スマホ ホルダー スタンド カーマウント スマホスタンド 車用携帯ホルダー SmartTap スマートタップ","","","2490","0","2490","0"
"10110055","1","1","AQ25L","ポータブル冷蔵庫 ICEBERG2 車載冷蔵庫 小型 冷蔵庫 ミニ冷蔵庫 25L PowerArQ パワーアーク","カラー","レッド","23870","0","23870","0"
"10110054","1","1","AQ25L","ポータブル冷蔵庫 ICEBERG2 車載冷蔵庫 小型 冷蔵庫 ミニ冷蔵庫 25L PowerArQ パワーアーク","カラー","チャコール","23870","0","23870","0"
"10110053","1","1","makebalance","プロテイン ソイ 大豆 1kg たんぱく質含有量80％以上 FIXIT MAKE BALANCE  ダイエット 女性 にも","フレーバー","ココア","3880","0","3880","0"
"10110053","2","1","makebalance","プロテイン ソイ 大豆 1kg たんぱく質含有量80％以上 FIXIT MAKE BALANCE  ダイエット 女性 にも","フレーバー","抹茶","3880","0","3880","0"
"10110052","1","1","makebalance-plane","プロテイン ソイ 大豆  プレーン 人工甘味料不使用 無添加 1kg たんぱく質含有量85％以上 FIXIT MAKE BALANCE ダイエット 女性 にも","","","3580","0","3580","0"
"10110051","1","1","makebalance-plane","プロテイン ソイ 大豆  プレーン 人工甘味料不使用 無添加 1kg たんぱく質含有量85％以上 FIXIT MAKE BALANCE ダイエット 女性 にも","","","3580","0","3580","0"
"10110050","1","2","null-deodrant3","デオドラント ゲル メンズ 薬用 (わきが 加齢臭 足の臭い 対策) 消臭 NULL","","","2017","0","4034","0"
"10110049","1","1","AQ25L","ポータブル冷蔵庫 ICEBERG2 車載冷蔵庫 小型 冷蔵庫 ミニ冷蔵庫 25L PowerArQ パワーアーク","カラー","チャコール","23870","0","23870","0"
"10110048","1","1","makebalance-plane","プロテイン ソイ 大豆  プレーン 人工甘味料不使用 無添加 1kg たんぱく質含有量85％以上 FIXIT MAKE BALANCE ダイエット 女性 にも","","","3580","0","3580","0"
"10110047","1","1","nalc-handcream","ハンドクリーム NALC ナルク 手荒れ を防ぐ 乾燥 に負けない 薬用 ヘパリン ハンドクリームヘパリン類似物質 配合 医薬部外品","","","2017","0","2017","0"
"10110046","1","1","null-shoepowder","【靴 消臭 粉】NULL シューパウダー 気になる靴の臭いに ( 消臭 パウダー で 足 靴 臭いの原因を除菌 ) 靴の消臭 足の臭い 対策 メンズ 革靴 無香料","","","2200","0","2200","0"
"10110045","1","1","makebalance","プロテイン ソイ 大豆 1kg たんぱく質含有量80％以上 FIXIT MAKE BALANCE  ダイエット 女性 にも","フレーバー","ココア","3880","0","3880","0"
"10110044","1","1","l0910","スマホホルダー 車 車載ホルダー iphone 13 吸盤 車載 スマホ ホルダー スタンド カーマウント スマホスタンド 車用携帯ホルダー SmartTap スマートタップ","","","2490","0","2490","0"
"10110043","1","1","FELLNATURAL","プロテイン ホエイ 女性 無添加 50代 40代 グラスフェッド ダイエット 安い まとめ買い 自然 美容 シェイカー FIX IT feel natural 1kg","フレーバー","ココア","4780","0","4780","0"
"10110042","1","1","null-sunscreen","ウォータープルーフ メンズ NULL 日焼け止め (特殊技術で 汗/水 に強い)SPF50+ PA++++ (顔＆からだ用) ロングUVA対応 40g (白くならない/クレンジング不要)","","","2017","0","2017","0"
"10110041","1","1","l0910","スマホホルダー 車 車載ホルダー iphone 13 吸盤 車載 スマホ ホルダー スタンド カーマウント スマホスタンド 車用携帯ホルダー SmartTap スマートタップ","","","2490","0","2490","0"
"10110040","1","1","makebalance-plane","プロテイン ソイ 大豆  プレーン 人工甘味料不使用 無添加 1kg たんぱく質含有量85％以上 FIXIT MAKE BALANCE ダイエット 女性 にも","","","3580","0","3580","0"
"10110039","1","1","AQ25L","ポータブル冷蔵庫 ICEBERG2 車載冷蔵庫 小型 冷蔵庫 ミニ冷蔵庫 25L PowerArQ パワーアーク","カラー","チャコール","23870","0","23870","0"
"10110038","1","2","DD-EFK-7D","非常食セット 7日分 非常食 長期保存 備蓄 保存食 栄養士と防災士監修 備蓄 防災セット 食品 防災 防災グッズ Defend 父の日","賞味期限：;※複数ご購入の場合は別々に到着する事があります。","2027年3月以降;了承しました。","19800","0","39600","0"
"10110037","1","1","makebalance-plane","プロテイン ソイ 大豆  プレーン 人工甘味料不使用 無添加 1kg たんぱく質含有量85％以上 FIXIT MAKE BALANCE ダイエット 女性 にも","","","3580","0","3580","0"
"10110036","1","1","l0910","スマホホルダー 車 車載ホルダー iphone 13 吸盤 車載 スマホ ホルダー スタンド カーマウント スマホスタンド 車用携帯ホルダー SmartTap スマートタップ","","","2490","0","2490","0"
"10110035","1","1","l0851","FMトランスミッター Bluetooth 高音質 全239CH 76.1-99.9MHz 12-24V対応 車 スマホ 充電 Smart Tap","","","3480","0","3480","0"
"10110033","1","1","l0910","スマホホルダー 車 車載ホルダー iphone 13 吸盤 車載 スマホ ホルダー スタンド カーマウント スマホスタンド 車用携帯ホルダー SmartTap スマートタップ","","","2490","0","2490","0"
"10110032","1","1","AQ25L","ポータブル冷蔵庫 ICEBERG2 車載冷蔵庫 小型 冷蔵庫 ミニ冷蔵庫 25L PowerArQ パワーアーク","カラー","チャコール","23870","0","23870","0"
"10110031","1","1","FELLNATURAL","プロテイン ホエイ 女性 無添加 50代 40代 グラスフェッド ダイエット 安い まとめ買い 自然 美容 シェイカー FIX IT feel natural 1kg","フレーバー","ココア","4780","0","4780","0"
"10110030","1","1","null-sunscreen","ウォータープルーフ メンズ NULL 日焼け止め (特殊技術で 汗/水 に強い)SPF50+ PA++++ (顔＆からだ用) ロングUVA対応 40g (白くならない/クレンジング不要)","","","2017","0","2017","0"
"10110028","1","1","AQ25L","ポータブル冷蔵庫 ICEBERG2 車載冷蔵庫 小型 冷蔵庫 ミニ冷蔵庫 25L PowerArQ パワーアーク","カラー","チャコール","23870","0","23870","0"
"10110027","1","1","AQ25L","ポータブル冷蔵庫 ICEBERG2 車載冷蔵庫 小型 冷蔵庫 ミニ冷蔵庫 25L PowerArQ パワーアーク","カラー","チャコール","23870","0","23870","0"
"10110026","1","1","makebalance-plane","プロテイン ソイ 大豆  プレーン 人工甘味料不使用 無添加 1kg たんぱく質含有量85％以上 FIXIT MAKE BALANCE ダイエット 女性 にも","","","3580","0","3580","0"
"10110025","1","1","AQ25L","ポータブル冷蔵庫 ICEBERG2 車載冷蔵庫 小型 冷蔵庫 ミニ冷蔵庫 25L PowerArQ パワーアーク","カラー","チャコール","23870","0","23870","0"
"10110024","1","1","makebalance-plane","プロテイン ソイ 大豆  プレーン 人工甘味料不使用 無添加 1kg たんぱく質含有量85％以上 FIXIT MAKE BALANCE ダイエット 女性 にも","","","3580","0","3580","0"
"10110023","1","1","think-simple-wpc","プロテイン ホエイ 女性 WPC ダイエット シェイカー 無添加 50代 安い まとめ買い 美容   FIX IT THINK SIMPLE 1kg","","","3080","0","3080","0"
"10110022","1","2","makebalance-plane","プロテイン ソイ 大豆  プレーン 人工甘味料不使用 無添加 1kg たんぱく質含有量85％以上 FIXIT MAKE BALANCE ダイエット 女性 にも","","","3580","0","7160","0"
"10110021","1","1","makebalance-plane","プロテイン ソイ 大豆  プレーン 人工甘味料不使用 無添加 1kg たんぱく質含有量85％以上 FIXIT MAKE BALANCE ダイエット 女性 にも","","","3580","0","3580","0"
"10110020","1","1","makebalance","プロテイン ソイ 大豆 1kg たんぱく質含有量80％以上 FIXIT MAKE BALANCE  ダイエット 女性 にも","フレーバー","ココア","3880","0","3880","0"
"10110019","1","1","fixit-shaker-mb-aw","【追加用】プロテイン シェイカー 300ml シェーカー 【単品購入不可】FIXITソイプロテイン対象商品と同時購入の場合のみ、購入可能な商品です。","","","550","0","550","0"
"10110019","2","1","makebalance","プロテイン ソイ 大豆 1kg たんぱく質含有量80％以上 FIXIT MAKE BALANCE  ダイエット 女性 にも","フレーバー","ココア","3880","0","3880","0"
"10110018","1","1","nalc-handcream","ハンドクリーム NALC ナルク 手荒れ を防ぐ 乾燥 に負けない 薬用 ヘパリン ハンドクリームヘパリン類似物質 配合 医薬部外品","","","2017","0","2017","0"
"10110017","1","1","l0910","スマホホルダー 車 車載ホルダー iphone 13 吸盤 車載 スマホ ホルダー スタンド カーマウント スマホスタンド 車用携帯ホルダー SmartTap スマートタップ","","","2490","0","2490","0"
"10110016","1","1","null-sunscreen","ウォータープルーフ メンズ NULL 日焼け止め (特殊技術で 汗/水 に強い)SPF50+ PA++++ (顔＆からだ用) ロングUVA対応 40g (白くならない/クレンジング不要)","","","2017","0","2017","0"
"10110015","1","1","l0910","スマホホルダー 車 車載ホルダー iphone 13 吸盤 車載 スマホ ホルダー スタンド カーマウント スマホスタンド 車用携帯ホルダー SmartTap スマートタップ","","","2490","0","2490","0"
"10110014","1","1","AQ25L","ポータブル冷蔵庫 ICEBERG2 車載冷蔵庫 小型 冷蔵庫 ミニ冷蔵庫 25L PowerArQ パワーアーク","カラー","チャコール","23870","0","23870","0"
"10110013","1","1","IS-WPCS","防水ケース iPhone7 iPhone7 Plus iPhone6S / 6 防水 防塵 耐衝撃 防水ケース iPhone IP68 iina-style","機種;カラー","iPhone7Plus;ブラック","1280","0","1280","0"
"10110012","1","1","null-remover-n","除毛クリーム メンズ VIO NULL ヌル 脱毛クリーム 剛毛 脱毛 除毛 除毛剤 ヒカキンさん購入で注文殺到中！","","","2979","0","2979","0"
"10110011","1","1","makebalance-plane","プロテイン ソイ 大豆  プレーン 人工甘味料不使用 無添加 1kg たんぱく質含有量85％以上 FIXIT MAKE BALANCE ダイエット 女性 にも","","","3580","0","3580","0"
"10110010","1","1","null-sunscreen","ウォータープルーフ メンズ NULL 日焼け止め (特殊技術で 汗/水 に強い)SPF50+ PA++++ (顔＆からだ用) ロングUVA対応 40g (白くならない/クレンジング不要)","","","2017","0","2017","0"
"10110009","1","1","AQ25L","ポータブル冷蔵庫 ICEBERG2 車載冷蔵庫 小型 冷蔵庫 ミニ冷蔵庫 25L PowerArQ パワーアーク","カラー","オリーブドラブ","23870","0","23870","0"
"10110008","1","1","l0910","スマホホルダー 車 車載ホルダー iphone 13 吸盤 車載 スマホ ホルダー スタンド カーマウント スマホスタンド 車用携帯ホルダー SmartTap スマートタップ","","","2490","0","2490","0"
"10110007","1","1","l0910","スマホホルダー 車 車載ホルダー iphone 13 吸盤 車載 スマホ ホルダー スタンド カーマウント スマホスタンド 車用携帯ホルダー SmartTap スマートタップ","","","2490","0","2490","0"
"10110006","1","1","makebalance","プロテイン ソイ 大豆 1kg たんぱく質含有量80％以上 FIXIT MAKE BALANCE  ダイエット 女性 にも","フレーバー","ココア","3880","0","3880","0"
"10110005","1","1","null-sunscreen","ウォータープルーフ メンズ NULL 日焼け止め (特殊技術で 汗/水 に強い)SPF50+ PA++++ (顔＆からだ用) ロングUVA対応 40g (白くならない/クレンジング不要)","","","2017","0","2017","0"
"10110004","1","1","makebalance","プロテイン ソイ 大豆 1kg たんぱく質含有量80％以上 FIXIT MAKE BALANCE  ダイエット 女性 にも","フレーバー","抹茶","3880","0","3880","0"
"10110003","1","1","AQ25L","ポータブル冷蔵庫 ICEBERG2 車載冷蔵庫 小型 冷蔵庫 ミニ冷蔵庫 25L PowerArQ パワーアーク","カラー","レッド","23870","0","23870","0"
"10110002","1","1","AQ25L","ポータブル冷蔵庫 ICEBERG2 車載冷蔵庫 小型 冷蔵庫 ミニ冷蔵庫 25L PowerArQ パワーアーク","カラー","オリーブドラブ","23870","0","23870","0"
"10110001","1","1","l0910","スマホホルダー 車 車載ホルダー iphone 13 吸盤 車載 スマホ ホルダー スタンド カーマウント スマホスタンド 車用携帯ホルダー SmartTap スマートタップ","","","2490","0","2490","0"
"10110000","1","1","l0910","スマホホルダー 車 車載ホルダー iphone 13 吸盤 車載 スマホ ホルダー スタンド カーマウント スマホスタンド 車用携帯ホルダー SmartTap スマートタップ","","","2490","0","2490","0"
"10109999","1","1","null-sunscreen","ウォータープルーフ メンズ NULL 日焼け止め (特殊技術で 汗/水 に強い)SPF50+ PA++++ (顔＆からだ用) ロングUVA対応 40g (白くならない/クレンジング不要)","","","2017","0","2017","0"
"10109998","1","1","makebalance","プロテイン ソイ 大豆 1kg たんぱく質含有量80％以上 FIXIT MAKE BALANCE  ダイエット 女性 にも","フレーバー","ココア","3880","0","3880","0"
"10109997","1","1","l0910","スマホホルダー 車 車載ホルダー iphone 13 吸盤 車載 スマホ ホルダー スタンド カーマウント スマホスタンド 車用携帯ホルダー SmartTap スマートタップ","","","2490","0","2490","0"
"10109996","1","1","l0910","スマホホルダー 車 車載ホルダー iphone 13 吸盤 車載 スマホ ホルダー スタンド カーマウント スマホスタンド 車用携帯ホルダー SmartTap スマートタップ","","","2490","0","2490","0"
